#{"t_start": 1525550761.9859421, "env_id": "PongNoFrameskip-v4"}
r,l,t,i
-21.0,760,7.597406,759
-21.0,849,13.12565,1608
-20.0,1006,21.848865,2614
-21.0,817,28.745484,3431
-20.0,836,36.35375,4267
-21.0,839,43.9273,5106
-21.0,761,50.935533,5867
-21.0,759,57.768256,6626
-21.0,823,65.25964,7449
-21.0,848,73.055809,8297
-20.0,908,81.257869,9205
-20.0,981,90.155957,10186
-20.0,836,97.760029,11022
-20.0,899,105.891153,11921
-21.0,817,113.33616,12738
-20.0,956,122.052048,13694
-20.0,945,130.614525,14639
-21.0,758,137.409153,15397
-20.0,952,146.127264,16349
-20.0,995,155.158782,17344
-19.0,1121,165.332738,18465
-21.0,928,173.743644,19393
-21.0,820,181.158097,20213
-21.0,1001,190.265003,21214
-20.0,1071,199.985573,22285
-21.0,838,207.559807,23123
-20.0,925,215.970209,24048
-21.0,763,222.916592,24811
-21.0,848,230.601124,25659
-21.0,878,238.603562,26537
-19.0,1093,248.498262,27630
-21.0,820,255.887188,28450
-20.0,999,264.917395,29449
-21.0,762,271.817485,30211
-21.0,909,280.054974,31120
-20.0,914,288.33469,32034
-21.0,884,296.339932,32918
-20.0,919,304.696778,33837
-18.0,1162,315.201678,34999
-21.0,757,322.034203,35756
-18.0,1210,332.970905,36966
-19.0,1073,342.691388,38039
-20.0,961,351.404614,39000
-20.0,840,358.948291,39840
-20.0,990,367.90064,40830
-21.0,810,375.250861,41640
-19.0,1093,385.168617,42733
-21.0,876,393.084651,43609
-21.0,788,400.156613,44397
-21.0,881,408.143612,45278
-20.0,1148,418.501615,46426
-20.0,899,426.710208,47325
-21.0,762,433.517235,48087
-20.0,1113,443.642413,49200
-21.0,934,452.000769,50134
-21.0,763,458.882424,50897
-20.0,1045,468.305512,51942
-21.0,848,475.98779,52790
-20.0,896,484.112108,53686
-18.0,1119,494.319653,54805
-21.0,908,502.609866,55713
-21.0,760,509.471172,56473
-21.0,762,516.400818,57235
-20.0,962,525.02223,58197
-20.0,985,534.02749,59182
-21.0,786,541.163802,59968
-20.0,837,548.813897,60805
-21.0,938,557.449641,61743
-19.0,911,565.778971,62654
-20.0,937,574.289968,63591
-21.0,884,582.413629,64475
-20.0,923,590.827487,65398
-21.0,918,599.199878,66316
-17.0,1102,609.159503,67418
-20.0,908,617.427098,68326
-19.0,968,626.344799,69294
-20.0,852,634.138319,70146
-21.0,875,642.050291,71021
-21.0,788,649.202893,71809
-19.0,960,657.974058,72769
-21.0,846,665.643087,73615
-21.0,786,672.824559,74401
-21.0,787,679.90838,75188
-20.0,885,687.925412,76073
-21.0,943,696.444792,77016
-19.0,995,705.470878,78011
-21.0,874,713.396334,78885
-20.0,963,722.129755,79848
-21.0,786,729.289788,80634
-20.0,927,737.677247,81561
-17.0,1363,750.113521,82924
-21.0,824,757.588001,83748
-21.0,846,765.249907,84594
-19.0,1061,774.801646,85655
-21.0,896,782.924047,86551
-21.0,879,790.854452,87430
-21.0,849,798.512769,88279
-21.0,900,806.717246,89179
-21.0,820,814.073123,89999
-21.0,757,820.980608,90756
-20.0,957,829.609997,91713
-21.0,762,836.573766,92475
-21.0,820,844.152598,93295
-21.0,763,851.006721,94058
-21.0,906,859.211114,94964
-19.0,991,868.183282,95955
-21.0,967,876.941636,96922
-21.0,758,883.812034,97680
-21.0,823,891.24831,98503
-19.0,1091,901.185031,99594
-18.0,1203,912.239694,100797
-21.0,762,919.161418,101559
-20.0,900,927.259699,102459
-21.0,789,934.386572,103248
-21.0,882,942.459154,104130
-21.0,839,950.03941,104969
-20.0,976,958.842285,105945
-20.0,954,967.385402,106899
-21.0,991,976.292655,107890
-21.0,894,984.339566,108784
-21.0,806,991.637886,109590
-21.0,969,1000.460478,110559
-20.0,899,1008.561072,111458
-21.0,841,1016.222314,112299
-21.0,911,1024.40279,113210
-21.0,852,1032.02729,114062
-21.0,817,1039.389304,114879
-20.0,1005,1048.46822,115884
-21.0,869,1056.321969,116753
-21.0,764,1063.263244,117517
-20.0,912,1071.600974,118429
-20.0,927,1079.967547,119356
-18.0,983,1088.853494,120339
-18.0,1109,1098.80797,121448
-21.0,852,1106.45478,122300
-21.0,777,1113.471464,123077
-21.0,823,1120.990972,123900
-20.0,838,1128.581966,124738
-21.0,869,1136.460802,125607
-20.0,870,1144.448156,126477
-21.0,763,1151.381777,127240
-21.0,933,1159.910664,128173
-21.0,1003,1169.046767,129176
-20.0,835,1176.626439,130011
-21.0,892,1184.781546,130903
-20.0,904,1192.941532,131807
-21.0,792,1200.087067,132599
-21.0,877,1208.125643,133476
-20.0,841,1215.849401,134317
-21.0,759,1222.74291,135076
-20.0,1072,1232.407954,136148
-20.0,1022,1241.620788,137170
-21.0,852,1249.421257,138022
-21.0,763,1256.315134,138785
-21.0,848,1263.988501,139633
-21.0,764,1270.840518,140397
-21.0,1079,1280.719728,141476
-21.0,820,1288.146839,142296
-20.0,986,1297.016625,143282
-21.0,759,1303.898319,144041
-21.0,858,1311.644707,144899
-20.0,840,1319.160385,145739
-21.0,883,1327.14523,146622
-20.0,943,1335.801596,147565
-20.0,955,1344.505574,148520
-20.0,929,1352.992774,149449
-21.0,764,1359.849361,150213
-21.0,787,1366.968081,151000
-19.0,974,1375.818223,151974
-20.0,923,1384.17608,152897
-20.0,835,1391.703116,153732
-19.0,1067,1401.452951,154799
-21.0,790,1408.64626,155589
-20.0,1004,1417.772461,156593
-21.0,822,1425.181316,157415
-20.0,958,1433.853273,158373
-21.0,847,1441.548857,159220
-20.0,861,1449.286993,160081
-19.0,1006,1458.379418,161087
-21.0,865,1466.259502,161952
-21.0,843,1473.954079,162795
-21.0,867,1481.865597,163662
-21.0,807,1489.269185,164469
-20.0,946,1497.919864,165415
-20.0,916,1506.298768,166331
-20.0,1023,1515.587119,167354
-19.0,1009,1524.716638,168363
-21.0,867,1532.646772,169230
-19.0,965,1541.405656,170195
-21.0,839,1549.040642,171034
-19.0,1099,1559.056126,172133
-20.0,978,1568.007133,173111
-21.0,778,1575.050885,173889
-19.0,1113,1585.15511,175002
-21.0,840,1592.862612,175842
-21.0,880,1600.925107,176722
-21.0,817,1608.45777,177539
-19.0,1075,1618.17426,178614
-20.0,834,1625.701529,179448
-21.0,856,1633.486993,180304
-20.0,955,1642.11599,181259
-21.0,867,1649.951664,182126
-21.0,880,1658.025269,183006
-20.0,959,1666.658909,183965
-21.0,837,1674.217857,184802
-21.0,788,1681.679192,185590
-20.0,984,1690.643893,186574
-20.0,831,1698.18164,187405
-21.0,874,1706.132317,188279
-21.0,847,1713.803927,189126
-20.0,964,1722.550401,190090
-21.0,813,1729.886667,190903
-20.0,895,1738.01834,191798
-21.0,762,1745.02827,192560
-20.0,943,1753.627543,193503
-21.0,966,1762.382679,194469
-21.0,847,1770.052511,195316
-21.0,882,1778.06468,196198
-21.0,807,1785.349194,197005
-20.0,913,1793.526646,197918
-21.0,935,1801.975267,198853
-21.0,792,1809.173239,199645
-21.0,757,1816.048243,200402
-20.0,841,1823.75711,201243
-20.0,903,1831.921673,202146
-21.0,884,1839.977975,203030
-20.0,920,1848.333999,203950
-18.0,1240,1859.496637,205190
-21.0,907,1867.765361,206097
-17.0,1147,1878.128089,207244
-19.0,1093,1888.14778,208337
-21.0,764,1895.049526,209101
-21.0,884,1903.106389,209985
-21.0,847,1910.840651,210832
-21.0,787,1917.981129,211619
-21.0,820,1925.346904,212439
-20.0,868,1933.270701,213307
-21.0,815,1940.684772,214122
-20.0,867,1948.491847,214989
-20.0,986,1957.449468,215975
-20.0,985,1966.425282,216960
-20.0,866,1974.307932,217826
-21.0,885,1982.407558,218711
-18.0,1012,1991.619952,219723
-21.0,761,1998.487826,220484
-20.0,884,2006.515888,221368
-19.0,980,2015.409739,222348
-20.0,1067,2025.152168,223415
-21.0,759,2032.028996,224174
-21.0,848,2039.723056,225022
-19.0,1014,2048.901161,226036
-18.0,1068,2058.590299,227104
-21.0,966,2067.393198,228070
-20.0,1042,2076.913129,229112
-21.0,928,2085.410844,230040
-19.0,1081,2095.130461,231121
-20.0,965,2103.901655,232086
-21.0,761,2110.675572,232847
-21.0,849,2118.323775,233696
-21.0,927,2126.645159,234623
-20.0,986,2135.699972,235609
-21.0,884,2143.698361,236493
-21.0,764,2150.584769,237257
-19.0,935,2158.949682,238192
-19.0,1117,2169.224743,239309
-21.0,852,2176.932468,240161
-21.0,762,2183.813859,240923
-21.0,876,2191.820959,241799
-21.0,985,2200.641969,242784
-21.0,967,2209.447608,243751
-20.0,925,2217.795185,244676
-19.0,1148,2228.206639,245824
-21.0,839,2235.827864,246663
-21.0,820,2243.31854,247483
-20.0,961,2251.966169,248444
-21.0,844,2259.612473,249288
-19.0,1031,2268.934968,250319
-20.0,998,2277.995184,251317
-21.0,1089,2287.854627,252406
-20.0,882,2295.832091,253288
-21.0,846,2303.58272,254134
-20.0,947,2312.187254,255081
-21.0,907,2320.401347,255988
-21.0,898,2328.607678,256886
-21.0,869,2336.575812,257755
-20.0,860,2344.464549,258615
-20.0,838,2352.00967,259453
-21.0,819,2359.467439,260272
-19.0,1054,2369.006716,261326
-20.0,871,2376.853837,262197
-21.0,785,2383.977781,262982
-21.0,776,2391.026474,263758
-21.0,762,2397.98984,264520
-19.0,1102,2407.909186,265622
-21.0,883,2415.955505,266505
-21.0,820,2423.712072,267325
-21.0,884,2431.78265,268209
-20.0,896,2439.927077,269105
-20.0,841,2447.460446,269946
-19.0,1121,2457.614727,271067
-21.0,789,2464.943121,271856
-19.0,963,2473.622341,272819
-20.0,830,2481.203727,273649
-21.0,757,2488.039043,274406
-20.0,897,2496.160124,275303
-20.0,838,2503.743744,276141
-21.0,820,2511.172854,276961
-21.0,850,2518.853956,277811
-20.0,841,2526.498392,278652
-20.0,1013,2535.762461,279665
-21.0,988,2544.804259,280653
-21.0,823,2552.243851,281476
-21.0,758,2559.00018,282234
-20.0,900,2567.110858,283134
-21.0,760,2573.930237,283894
-20.0,837,2581.545442,284731
-20.0,830,2589.058077,285561
-21.0,873,2596.93209,286434
-19.0,1104,2606.94142,287538
-21.0,925,2615.305509,288463
-20.0,927,2623.581931,289390
-21.0,822,2631.019645,290212
-19.0,1054,2640.606356,291266
-20.0,993,2649.51919,292259
-20.0,1104,2659.448797,293363
-21.0,1025,2668.648548,294388
-21.0,877,2676.581571,295265
-21.0,849,2684.229125,296114
-21.0,820,2691.574912,296934
-21.0,875,2699.452441,297809
-20.0,1008,2708.615955,298817
-20.0,838,2716.211445,299655
-20.0,965,2724.877336,300620
-21.0,789,2732.080931,301409
-21.0,935,2740.588278,302344
-21.0,875,2748.530559,303219
-21.0,885,2756.533269,304104
-20.0,874,2764.487758,304978
-20.0,939,2773.032912,305917
-19.0,1003,2782.187169,306920
-20.0,974,2790.973256,307894
-20.0,1054,2800.546829,308948
-21.0,871,2808.424046,309819
-20.0,958,2817.112317,310777
-21.0,911,2825.41436,311688
-21.0,939,2834.090982,312627
-19.0,1205,2845.015838,313832
-21.0,778,2852.073619,314610
-20.0,884,2860.112341,315494
-21.0,908,2868.402152,316402
-20.0,864,2876.270109,317266
-21.0,937,2884.769932,318203
-19.0,959,2893.516402,319162
-19.0,1186,2904.302963,320348
-21.0,850,2912.012084,321198
-21.0,879,2920.003108,322077
-20.0,927,2928.443842,323004
-21.0,850,2936.150438,323854
-20.0,1039,2945.553268,324893
-20.0,953,2954.117791,325846
-21.0,845,2961.856527,326691
-21.0,939,2970.405715,327630
-19.0,1094,2980.280746,328724
-21.0,917,2988.624801,329641
-20.0,903,2996.825914,330544
-21.0,818,3004.274894,331362
-20.0,1084,3014.099568,332446
-20.0,996,3023.142349,333442
-20.0,868,3031.021283,334310
-20.0,962,3039.776516,335272
-21.0,759,3046.68192,336031
-21.0,764,3053.576334,336795
-21.0,764,3060.532027,337559
-21.0,879,3068.531156,338438
-19.0,997,3077.605725,339435
-21.0,824,3085.143257,340259
-20.0,1030,3094.500673,341289
-21.0,882,3102.4688,342171
-21.0,939,3110.972806,343110
-21.0,761,3117.92965,343871
-19.0,931,3126.433462,344802
-18.0,1087,3136.203122,345889
-21.0,877,3144.256095,346766
-21.0,763,3151.173286,347529
-21.0,852,3159.017113,348381
-20.0,1038,3168.541658,349419
-20.0,1001,3177.661978,350420
-21.0,906,3185.850374,351326
-20.0,858,3193.698315,352184
-21.0,846,3201.372236,353030
-21.0,777,3208.425119,353807
-21.0,788,3215.585558,354595
-21.0,822,3223.032012,355417
-21.0,838,3230.598952,356255
-20.0,959,3239.353929,357214
-19.0,940,3248.019543,358154
-18.0,1090,3257.921891,359244
-21.0,900,3266.081308,360144
-21.0,825,3273.562585,360969
-21.0,904,3281.754998,361873
-21.0,931,3290.183789,362804
-19.0,1082,3300.122356,363886
-19.0,934,3308.682362,364820
-21.0,881,3316.668288,365701
-21.0,795,3323.927265,366496
-21.0,852,3331.690834,367348
-21.0,969,3340.593544,368317
-21.0,758,3347.489646,369075
-21.0,901,3355.644391,369976
-19.0,972,3364.443098,370948
-20.0,914,3372.702697,371862
-19.0,998,3381.753867,372860
-21.0,1031,3391.154116,373891
-21.0,785,3398.302894,374676
-21.0,846,3406.015943,375522
-20.0,839,3413.660746,376361
-21.0,1044,3423.345172,377405
-20.0,999,3432.502811,378404
-20.0,882,3440.45374,379286
-21.0,789,3447.554323,380075
-21.0,845,3455.195629,380920
-21.0,876,3463.148945,381796
-20.0,898,3471.255198,382694
-20.0,865,3479.202727,383559
-19.0,936,3487.870381,384495
-18.0,1194,3498.750148,385689
-20.0,915,3507.083055,386604
-21.0,906,3515.440077,387510
-21.0,763,3522.419869,388273
-21.0,762,3529.334553,389035
-19.0,1005,3538.474952,390040
-20.0,866,3546.395371,390906
-21.0,923,3554.729823,391829
-21.0,824,3562.177406,392653
-21.0,824,3569.713151,393477
-19.0,977,3578.602024,394454
-20.0,951,3587.260348,395405
-21.0,759,3594.185497,396164
-19.0,1064,3603.857565,397228
-18.0,1071,3613.629311,398299
-21.0,850,3621.507451,399149
-21.0,900,3629.672953,400049
-21.0,815,3637.07054,400864
-21.0,757,3644.113857,401621
-21.0,974,3652.989239,402595
-21.0,851,3660.582398,403446
-20.0,1101,3670.526483,404547
-21.0,823,3677.955958,405370
-21.0,844,3685.610102,406214
-21.0,817,3693.078778,407031
-19.0,991,3702.054758,408022
-21.0,959,3710.800449,408981
-20.0,913,3719.144593,409894
-21.0,841,3726.766838,410735
-21.0,757,3733.633611,411492
-21.0,764,3740.554168,412256
-18.0,1093,3750.470876,413349
-21.0,763,3757.386685,414112
-21.0,905,3765.672741,415017
-19.0,980,3774.516454,415997
-20.0,953,3783.258593,416950
-19.0,1235,3794.645876,418185
-20.0,953,3803.362503,419138
-20.0,1018,3812.599448,420156
-20.0,1015,3821.944403,421171
-21.0,778,3828.977891,421949
-20.0,901,3837.165705,422850
-20.0,952,3845.848777,423802
-21.0,905,3854.181254,424707
-21.0,884,3862.226381,425591
-20.0,927,3870.642503,426518
-21.0,761,3877.574745,427279
-17.0,1153,3888.124654,428432
-19.0,1031,3897.59926,429463
-21.0,847,3905.276618,430310
-21.0,762,3912.227534,431072
-20.0,866,3920.180413,431938
-21.0,764,3927.097733,432702
-21.0,965,3935.954891,433667
-19.0,980,3944.872317,434647
-20.0,840,3952.456847,435487
-20.0,999,3961.565137,436486
-20.0,838,3969.18827,437324
-21.0,842,3976.817462,438166
-20.0,915,3985.059638,439081
-21.0,853,3992.730254,439934
-21.0,894,4000.830086,440828
-21.0,989,4009.939941,441817
-20.0,854,4017.670144,442671
-21.0,788,4024.782884,443459
-20.0,834,4032.315832,444293
-21.0,850,4040.087562,445143
-20.0,897,4048.266831,446040
-20.0,900,4056.395539,446940
-20.0,840,4064.055958,447780
-20.0,947,4072.665331,448727
-20.0,869,4080.564953,449596
-20.0,926,4089.029819,450522
-20.0,839,4096.656615,451361
-20.0,963,4105.376797,452324
-20.0,1010,4114.520572,453334
-21.0,940,4123.152031,454274
-21.0,881,4131.185543,455155
-20.0,1080,4141.033395,456235
-20.0,944,4149.52163,457179
-20.0,870,4157.352615,458049
-19.0,1018,4166.479908,459067
-19.0,930,4174.800901,459997
-21.0,900,4182.934543,460897
-20.0,1041,4192.427856,461938
-17.0,1270,4203.866509,463208
-21.0,961,4212.611952,464169
-21.0,906,4220.758398,465075
-21.0,760,4227.667129,465835
-20.0,838,4235.290847,466673
-21.0,819,4242.645864,467492
-21.0,842,4250.27506,468334
-21.0,819,4257.670127,469153
-21.0,999,4266.62778,470152
-20.0,971,4275.461388,471123
-21.0,763,4282.289712,471886
-21.0,875,4290.200831,472761
-21.0,759,4297.043679,473520
-20.0,835,4304.617367,474355
-21.0,760,4311.429568,475115
-20.0,931,4319.811422,476046
-21.0,881,4327.77282,476927
-20.0,835,4335.364969,477762
-21.0,846,4342.974699,478608
-21.0,864,4350.804152,479472
-21.0,821,4358.272588,480293
-19.0,1053,4367.821086,481346
-19.0,1090,4377.600993,482436
-21.0,855,4385.395059,483291
-18.0,1075,4395.146925,484366
-20.0,1211,4406.154373,485577
-19.0,1057,4415.782927,486634
-21.0,885,4423.891468,487519
-21.0,823,4431.392091,488342
-21.0,805,4438.719246,489147
-21.0,820,4446.194722,489967
-21.0,940,4454.735193,490907
-21.0,822,4462.213179,491729
-20.0,891,4470.348519,492620
-21.0,926,4478.744724,493546
-21.0,874,4486.739345,494420
-21.0,817,4494.144642,495237
-21.0,824,4501.591771,496061
-21.0,781,4508.748018,496842
-21.0,763,4515.75162,497605
-21.0,868,4523.583295,498473
-20.0,871,4531.583951,499344
-18.0,1182,4542.322084,500526
-18.0,1081,4552.390546,501607
-20.0,886,4560.346606,502493
-20.0,940,4568.800164,503433
-21.0,1057,4578.352549,504490
-20.0,835,4585.945793,505325
-21.0,791,4593.19609,506116
-21.0,789,4600.441883,506905
-21.0,935,4608.907967,507840
-20.0,992,4617.988004,508832
-20.0,989,4626.987993,509821
-20.0,977,4635.982063,510798
-18.0,1026,4645.399638,511824
-21.0,848,4653.040081,512672
-19.0,1095,4662.982357,513767
-20.0,902,4671.18028,514669
-21.0,824,4678.710691,515493
-20.0,835,4686.287973,516328
-20.0,861,4694.17416,517189
-21.0,847,4701.941085,518036
-21.0,884,4709.990206,518920
-18.0,1148,4720.431083,520068
-20.0,832,4727.990024,520900
-18.0,1088,4737.851007,521988
-20.0,976,4746.721073,522964
-21.0,777,4753.757695,523741
-20.0,945,4762.307317,524686
-20.0,851,4770.034747,525537
-21.0,825,4777.551062,526362
-19.0,1000,4786.626121,527362
-21.0,758,4793.594606,528120
-21.0,844,4801.239571,528964
-21.0,865,4809.0576,529829
-20.0,860,4816.89684,530689
-19.0,1014,4826.110462,531703
-18.0,1138,4836.435084,532841
-18.0,1158,4846.957481,533999
-21.0,764,4853.919903,534763
-20.0,1032,4863.430964,535795
-21.0,942,4872.04538,536737
-21.0,983,4881.00737,537720
-20.0,914,4889.255423,538634
-20.0,1169,4899.885668,539803
-19.0,966,4908.607493,540769
-21.0,790,4915.816756,541559
-20.0,1010,4924.941997,542569
-21.0,931,4933.345439,543500
-21.0,820,4940.825643,544320
-20.0,962,4949.567114,545282
-21.0,939,4958.113418,546221
-21.0,817,4965.530317,547038
-18.0,1220,4976.558919,548258
-21.0,761,4983.575881,549019
-20.0,913,4991.869808,549932
-21.0,785,4999.019549,550717
-21.0,761,5005.882045,551478
-21.0,917,5014.176453,552395
-19.0,1096,5024.127121,553491
-21.0,780,5031.14583,554271
-20.0,958,5039.841126,555229
-20.0,833,5047.347588,556062
-20.0,902,5055.533795,556964
-20.0,902,5063.708028,557866
-20.0,897,5071.971559,558763
-20.0,835,5079.56364,559598
-20.0,916,5087.874161,560514
-20.0,899,5096.025156,561413
-20.0,925,5104.507174,562338
-21.0,873,5112.508667,563211
-21.0,847,5120.2431,564058
-21.0,823,5127.746993,564881
-21.0,762,5134.632001,565643
-21.0,762,5141.499372,566405
-20.0,922,5149.870524,567327
-21.0,786,5157.025831,568113
-21.0,807,5164.421481,568920
-20.0,898,5172.573012,569818
-21.0,899,5180.765552,570717
-21.0,758,5187.736344,571475
-21.0,907,5195.953052,572382
-21.0,777,5203.056265,573159
-21.0,786,5210.242248,573945
-20.0,901,5218.430299,574846
-21.0,839,5226.031806,575685
-21.0,759,5232.881655,576444
-20.0,1021,5242.206514,577465
-20.0,889,5250.286813,578354
-21.0,814,5257.726942,579168
-20.0,880,5265.718585,580048
-20.0,1032,5275.131685,581080
-21.0,761,5282.310678,581841
-21.0,757,5289.202641,582598
-21.0,839,5296.835935,583437
-21.0,1026,5306.111306,584463
-20.0,865,5313.94838,585328
-20.0,898,5322.030912,586226
-20.0,984,5330.996468,587210
-19.0,1074,5340.732611,588284
-20.0,1040,5350.194057,589324
-19.0,1223,5361.329298,590547
-21.0,822,5368.828984,591369
-21.0,762,5375.874313,592131
-21.0,945,5384.374903,593076
-21.0,884,5392.465712,593960
-21.0,758,5399.348761,594718
-21.0,868,5407.201986,595586
-21.0,819,5414.583847,596405
-21.0,757,5421.480279,597162
-20.0,979,5430.271925,598141
-20.0,916,5438.512086,599057
-18.0,1197,5449.394291,600254
-18.0,1211,5460.548206,601465
-21.0,764,5467.516126,602229
-21.0,887,5475.536011,603116
-20.0,879,5483.542521,603995
-18.0,1058,5493.15107,605053
-20.0,893,5501.238817,605946
-20.0,865,5509.145745,606811
-20.0,895,5517.200238,607706
-21.0,906,5525.376181,608612
-21.0,894,5533.45202,609506
-20.0,956,5542.122537,610462
-20.0,976,5550.903126,611438
-21.0,788,5558.004203,612226
-20.0,877,5566.012299,613103
-21.0,823,5573.431384,613926
-21.0,761,5580.352674,614687
-21.0,939,5588.923574,615626
-20.0,918,5597.265916,616544
-21.0,821,5604.622189,617365
-20.0,849,5612.396598,618214
-21.0,879,5620.40564,619093
-21.0,819,5627.854904,619912
-21.0,920,5636.161781,620832
-19.0,1082,5646.017721,621914
-18.0,1115,5656.081096,623029
-20.0,892,5664.175388,623921
-20.0,865,5672.052036,624786
-19.0,1077,5681.71669,625863
-21.0,1064,5691.513762,626927
-21.0,821,5699.006726,627748
-20.0,863,5706.820727,628611
-20.0,1022,5716.179014,629633
-21.0,908,5724.372771,630541
-20.0,895,5732.452766,631436
-20.0,978,5741.272512,632414
-21.0,938,5749.765528,633352
-19.0,1081,5759.537575,634433
-21.0,845,5767.158394,635278
-21.0,822,5774.547934,636100
-20.0,926,5782.852537,637026
-21.0,911,5791.043188,637937
-21.0,779,5798.059481,638716
-21.0,852,5805.744127,639568
-20.0,896,5813.89429,640464
-19.0,1126,5823.902171,641590
-20.0,982,5832.637866,642572
-21.0,790,5839.745601,643362
-21.0,781,5846.755156,644143
-20.0,1043,5856.210081,645186
-15.0,1385,5868.608133,646571
-20.0,948,5877.147866,647519
-20.0,1039,5886.452374,648558
-21.0,845,5894.034295,649403
-20.0,1007,5903.122985,650410
-20.0,921,5911.377473,651331
-21.0,877,5919.28375,652208
-21.0,786,5926.268105,652994
-21.0,817,5933.658002,653811
-21.0,787,5940.662522,654598
-21.0,876,5948.602956,655474
-20.0,837,5956.08386,656311
-21.0,840,5963.651484,657151
-21.0,875,5971.579324,658026
-21.0,899,5979.657439,658925
-21.0,820,5987.18358,659745
-19.0,937,5995.720648,660682
-21.0,879,6003.686869,661561
-21.0,782,6010.763767,662343
-19.0,1126,6020.991812,663469
-19.0,972,6029.86524,664441
-20.0,990,6038.828801,665431
-20.0,841,6046.422042,666272
-20.0,962,6055.210828,667234
-20.0,832,6062.698917,668066
-21.0,869,6070.469726,668935
-20.0,869,6078.285296,669804
-20.0,959,6086.979203,670763
-20.0,841,6094.716609,671604
-20.0,1006,6103.887548,672610
-20.0,950,6112.513427,673560
-20.0,971,6121.381985,674531
-21.0,760,6128.271205,675291
-21.0,817,6135.76705,676108
-21.0,907,6143.99644,677015
-20.0,985,6153.009699,678000
-21.0,905,6161.202314,678905
-21.0,974,6170.058358,679879
-21.0,822,6177.515737,680701
-17.0,1371,6190.125847,682072
-21.0,851,6197.876958,682923
-21.0,851,6205.570107,683774
-21.0,841,6213.290546,684615
-20.0,842,6220.90444,685457
-21.0,995,6229.911366,686452
-21.0,817,6237.304811,687269
-21.0,884,6245.411861,688153
-21.0,820,6252.806132,688973
-20.0,897,6260.951584,689870
-19.0,1248,6272.273575,691118
-20.0,981,6281.226579,692099
-20.0,921,6289.600152,693020
-20.0,869,6297.490402,693889
-21.0,943,6306.086331,694832
-21.0,852,6313.803795,695684
-21.0,829,6321.264949,696513
-19.0,1024,6330.593159,697537
-19.0,949,6339.200536,698486
-21.0,937,6347.72959,699423
-21.0,887,6355.764843,700310
-21.0,758,6362.724018,701068
-21.0,759,6369.770087,701827
-20.0,883,6377.798251,702710
-20.0,837,6385.32559,703547
-20.0,1064,6394.913808,704611
-20.0,887,6402.953548,705498
-21.0,867,6410.838376,706365
-18.0,1102,6420.777632,707467
-20.0,855,6428.565013,708322
-21.0,878,6436.580291,709200
-20.0,887,6444.652933,710087
-21.0,780,6451.753092,710867
-19.0,1026,6461.080744,711893
-21.0,819,6468.478803,712712
-19.0,1085,6478.315422,713797
-19.0,1060,6487.894716,714857
-20.0,881,6495.882152,715738
-20.0,884,6503.918251,716622
-21.0,847,6511.675725,717469
-20.0,958,6520.388144,718427
-20.0,837,6527.966922,719264
-20.0,1048,6537.490107,720312
-21.0,817,6544.836488,721129
-21.0,927,6553.208826,722056
-21.0,822,6560.66326,722878
-20.0,990,6569.601081,723868
-19.0,1097,6579.490913,724965
-20.0,899,6587.671536,725864
-20.0,975,6596.434887,726839
-21.0,873,6604.361962,727712
-21.0,925,6612.803502,728637
-21.0,971,6621.64508,729608
-21.0,789,6628.792645,730397
-20.0,868,6636.589103,731265
-20.0,1038,6645.953073,732303
-21.0,969,6654.640485,733272
-21.0,934,6663.078298,734206
-20.0,1097,6673.057796,735303
-20.0,965,6681.848887,736268
-20.0,1018,6691.074768,737286
-21.0,871,6698.934649,738157
-19.0,964,6707.657454,739121
-20.0,956,6716.318144,740077
-21.0,911,6724.678309,740988
-21.0,848,6732.404123,741836
-20.0,842,6740.064092,742678
-21.0,837,6747.703223,743515
-21.0,937,6756.12874,744452
-21.0,825,6763.606878,745277
-20.0,835,6771.209759,746112
-21.0,791,6778.41969,746903
-20.0,831,6785.992538,747734
-21.0,1089,6795.910781,748823
-21.0,940,6804.454898,749763
-21.0,924,6812.831416,750687
-19.0,1031,6822.168267,751718
-19.0,1017,6831.371133,752735
-20.0,832,6838.954051,753567
-21.0,851,6846.803694,754418
-21.0,759,6853.691907,755177
-19.0,1102,6863.760189,756279
-21.0,879,6871.702334,757158
-20.0,973,6880.609458,758131
-20.0,1004,6889.6931,759135
-21.0,758,6896.557583,759893
-21.0,881,6904.589546,760774
-21.0,786,6911.762841,761560
-21.0,819,6919.149956,762379
-21.0,1151,6929.572202,763530
-20.0,1271,6941.148486,764801
-19.0,1131,6951.400976,765932
-19.0,1072,6961.169374,767004
-18.0,1120,6971.37296,768124
-21.0,791,6978.506725,768915
-19.0,1099,6988.431928,770014
-21.0,870,6996.310917,770884
-21.0,848,7003.955656,771732
-20.0,912,7012.24725,772644
-20.0,1005,7021.450771,773649
-21.0,822,7028.964772,774471
-20.0,896,7037.105553,775367
-20.0,969,7045.854333,776336
-20.0,1049,7055.388372,777385
-21.0,982,7064.371871,778367
-20.0,920,7072.767049,779287
-21.0,820,7080.29839,780107
-18.0,1306,7092.151451,781413
-18.0,1048,7101.639415,782461
-21.0,825,7109.091844,783286
-21.0,1029,7118.522919,784315
-21.0,821,7125.957668,785136
-21.0,790,7133.092064,785926
-20.0,1065,7142.801004,786991
-20.0,927,7151.160027,787918
-21.0,820,7158.597614,788738
-20.0,1007,7167.787347,789745
-20.0,888,7175.924549,790633
-21.0,867,7183.86808,791500
-20.0,1097,7193.836725,792597
-21.0,764,7200.752685,793361
-20.0,866,7208.69938,794227
-20.0,834,7216.352504,795061
-20.0,1007,7225.487864,796068
-21.0,1011,7234.637529,797079
-21.0,759,7241.600991,797838
-21.0,882,7249.522463,798720
-20.0,896,7257.61081,799616
-19.0,983,7266.774881,800599
-21.0,937,7275.299722,801536
-21.0,881,7283.393245,802417
-20.0,975,7292.229852,803392
-19.0,1041,7301.59455,804433
-21.0,884,7309.518109,805317
-20.0,914,7317.809938,806231
-20.0,1002,7326.856269,807233
-20.0,981,7335.730622,808214
-21.0,788,7342.88167,809002
-20.0,938,7351.358311,809940
-21.0,782,7358.441571,810722
-20.0,913,7366.650286,811635
-19.0,1111,7376.650977,812746
-21.0,762,7383.500063,813508
-21.0,834,7391.081098,814342
-20.0,838,7398.640732,815180
-21.0,850,7406.351267,816030
-19.0,1024,7415.597556,817054
-21.0,979,7424.466677,818033
-19.0,1118,7434.464882,819151
-21.0,909,7442.658132,820060
-21.0,757,7449.437977,820817
-21.0,762,7456.326269,821579
-19.0,932,7464.71562,822511
-20.0,944,7473.268423,823455
-20.0,1003,7482.320267,824458
-20.0,897,7490.393875,825355
-21.0,786,7497.484048,826141
-21.0,761,7504.385581,826902
-21.0,859,7512.251627,827761
-21.0,883,7520.286968,828644
-21.0,878,7528.256678,829522
-21.0,819,7535.703636,830341
-21.0,884,7543.679829,831225
-19.0,1030,7553.023046,832255
-20.0,975,7561.90821,833230
-21.0,824,7569.470623,834054
-20.0,984,7578.412331,835038
-21.0,817,7585.893139,835855
-20.0,926,7594.30265,836781
-21.0,761,7601.251927,837542
-21.0,796,7608.576404,838338
-21.0,845,7616.193448,839183
-21.0,760,7623.069872,839943
-21.0,850,7630.780035,840793
-21.0,898,7638.956165,841691
-18.0,1024,7648.300972,842715
-21.0,760,7655.204219,843475
-20.0,1022,7664.554512,844497
-20.0,986,7673.481465,845483
-20.0,928,7682.137424,846411
-21.0,817,7689.690239,847228
-21.0,763,7696.718324,847991
-21.0,757,7703.621791,848748
-21.0,944,7712.17613,849692
-20.0,1027,7721.45577,850719
-20.0,852,7729.138104,851571
-21.0,850,7737.010912,852421
-21.0,838,7744.658068,853259
-21.0,878,7752.660699,854137
-21.0,761,7759.60677,854898
-21.0,879,7767.651727,855777
-20.0,935,7776.199613,856712
-21.0,904,7784.41538,857616
-21.0,851,7792.202305,858467
-20.0,976,7801.09346,859443
-21.0,820,7808.578793,860263
-20.0,966,7817.307821,861229
-21.0,916,7825.629086,862145
-21.0,893,7833.76705,863038
-21.0,964,7842.452275,864002
-21.0,929,7850.939185,864931
-21.0,817,7858.384365,865748
-21.0,842,7866.091346,866590
-20.0,907,7874.283867,867497
-19.0,1003,7883.424575,868500
-18.0,1148,7893.908924,869648
-20.0,991,7902.979006,870639
-21.0,822,7910.371546,871461
-21.0,841,7918.027467,872302
-20.0,911,7926.302892,873213
-20.0,868,7934.287015,874081
-21.0,820,7941.754019,874901
-21.0,868,7949.666977,875769
-21.0,849,7957.37037,876618
-20.0,993,7966.340693,877611
-20.0,833,7973.86787,878444
-20.0,928,7982.423478,879372
-19.0,1095,7992.503356,880467
-21.0,850,8000.269693,881317
-19.0,1036,8009.784118,882353
-21.0,967,8018.623634,883320
-19.0,931,8027.142024,884251
-20.0,867,8035.054962,885118
-21.0,820,8042.586767,885938
-21.0,760,8049.550912,886698
-19.0,998,8058.548407,887696
-21.0,819,8065.976301,888515
-21.0,1004,8075.050697,889519
-20.0,839,8082.669501,890358
-21.0,789,8089.811544,891147
-20.0,1009,8099.064337,892156
-21.0,893,8107.225507,893049
-21.0,882,8115.276495,893931
-20.0,1011,8124.587197,894942
-20.0,862,8132.364013,895804
-19.0,1185,8143.201949,896989
-19.0,1188,8153.983207,898177
-19.0,933,8162.433077,899110
-21.0,844,8170.13309,899954
-19.0,1015,8179.497738,900969
-21.0,880,8187.456132,901849
-20.0,1001,8196.74666,902850
-21.0,818,8204.177855,903668
-19.0,1083,8214.08497,904751
-20.0,837,8221.731413,905588
-21.0,757,8228.649304,906345
-20.0,979,8237.596107,907324
-21.0,818,8245.005033,908142
-20.0,1059,8254.620319,909201
-21.0,846,8262.346284,910047
-18.0,1074,8272.049415,911121
-21.0,941,8280.563231,912062
-21.0,1000,8289.652626,913062
-21.0,823,8297.051192,913885
-20.0,889,8305.186032,914774
-20.0,896,8313.204302,915670
-20.0,1069,8322.90758,916739
-21.0,903,8331.102762,917642
-21.0,848,8338.816091,918490
-21.0,819,8346.271333,919309
-20.0,836,8353.93621,920145
-20.0,977,8362.792533,921122
-19.0,964,8371.515734,922086
-20.0,988,8380.488744,923074
-21.0,943,8389.056467,924017
-21.0,978,8397.896567,924995
-20.0,887,8405.924625,925882
-21.0,999,8414.973219,926881
-20.0,973,8423.78951,927854
-18.0,1281,8435.471393,929135
-21.0,760,8442.377504,929895
-21.0,882,8450.325537,930777
-21.0,822,8457.802077,931599
-21.0,785,8464.941546,932384
-20.0,1152,8475.324708,933536
-21.0,757,8482.185477,934293
-21.0,853,8489.94364,935146
-20.0,887,8497.989958,936033
-19.0,996,8507.033153,937029
-19.0,1039,8516.440137,938068
-21.0,763,8523.355032,938831
-21.0,1172,8534.063556,940003
-20.0,977,8542.987181,940980
-21.0,883,8551.001734,941863
-20.0,958,8559.71131,942821
-21.0,763,8566.662047,943584
-21.0,897,8574.828511,944481
-19.0,972,8583.651139,945453
-21.0,813,8591.128402,946266
-17.0,1451,8604.455287,947717
-20.0,977,8613.376161,948694
-20.0,1047,8622.965132,949741
-21.0,955,8631.621556,950696
-20.0,1252,8642.987109,951948
-21.0,877,8651.031641,952825
-20.0,842,8658.663546,953667
-21.0,808,8666.161838,954475
-21.0,792,8673.326556,955267
-21.0,851,8681.111053,956118
-19.0,1154,8691.564686,957272
-19.0,1044,8701.179352,958316
-20.0,987,8710.15125,959303
-18.0,1255,8721.491338,960558
-21.0,959,8730.270721,961517
-20.0,1094,8740.272952,962611
-19.0,1032,8749.662756,963643
-21.0,818,8757.183928,964461
-20.0,897,8765.407023,965358
-20.0,881,8773.429505,966239
-21.0,822,8780.823077,967061
-20.0,874,8788.715363,967935
-20.0,964,8797.538649,968899
-21.0,823,8804.985358,969722
-21.0,1051,8814.514808,970773
-20.0,1089,8824.458159,971862
-21.0,910,8832.673251,972772
-21.0,791,8839.847449,973563
-21.0,776,8846.837972,974339
-21.0,970,8855.692323,975309
-20.0,865,8863.653237,976174
-21.0,758,8870.550882,976932
-21.0,849,8878.288838,977781
-19.0,944,8887.069505,978725
-21.0,879,8895.034369,979604
-20.0,1021,8904.290165,980625
-21.0,764,8911.347834,981389
-18.0,1076,8921.104593,982465
-21.0,1078,8930.819648,983543
-21.0,763,8937.691773,984306
-20.0,885,8945.743725,985191
-21.0,817,8953.117614,986008
-19.0,989,8962.062152,986997
-20.0,962,8970.773517,987959
-20.0,1036,8980.137496,988995
-20.0,912,8988.336419,989907
-21.0,900,8996.474587,990807
-21.0,896,9004.651186,991703
-20.0,900,9012.811903,992603
-21.0,821,9020.232763,993424
-20.0,854,9027.952956,994278
-21.0,838,9035.593339,995116
-19.0,993,9044.497335,996109
-21.0,760,9051.39545,996869
-19.0,1304,9063.191018,998173
-20.0,869,9071.035645,999042
-20.0,854,9078.821692,999896
-20.0,965,9087.527086,1000861
-21.0,909,9095.778606,1001770
-21.0,849,9103.561847,1002619
-20.0,986,9112.567224,1003605
-20.0,1073,9122.313838,1004678
-20.0,857,9130.032174,1005535
-21.0,761,9136.982566,1006296
-21.0,758,9143.789877,1007054
-21.0,818,9151.226273,1007872
-19.0,1057,9160.728434,1008929
-20.0,856,9168.453954,1009785
-21.0,927,9176.856314,1010712
-20.0,837,9184.468017,1011549
-19.0,1110,9194.62803,1012659
-20.0,887,9202.702202,1013546
-21.0,780,9209.918065,1014326
-20.0,887,9218.005685,1015213
-20.0,902,9226.25207,1016115
-18.0,1166,9236.87325,1017281
-21.0,757,9243.836843,1018038
-21.0,762,9250.826759,1018800
-20.0,899,9259.009116,1019699
-21.0,818,9266.427893,1020517
-21.0,816,9273.824461,1021333
-21.0,840,9281.454361,1022173
-21.0,761,9288.333184,1022934
-20.0,1005,9297.470856,1023939
-21.0,878,9305.484457,1024817
-19.0,1007,9314.733646,1025824
-18.0,1082,9324.603572,1026906
-21.0,790,9331.862899,1027696
-20.0,835,9339.423661,1028531
-20.0,1003,9348.51437,1029534
-20.0,978,9357.375591,1030512
-21.0,877,9365.304629,1031389
-21.0,974,9374.109339,1032363
-20.0,1045,9383.613254,1033408
-21.0,817,9391.093497,1034225
-20.0,919,9399.50584,1035144
-21.0,758,9406.474387,1035902
-21.0,809,9413.782168,1036711
-20.0,945,9422.418792,1037656
-21.0,760,9429.376975,1038416
-20.0,901,9437.602787,1039317
-21.0,758,9444.530447,1040075
-21.0,757,9451.408708,1040832
-21.0,761,9458.318385,1041593
-20.0,1064,9468.035841,1042657
-21.0,841,9475.702245,1043498
-20.0,868,9483.634206,1044366
-20.0,896,9491.850998,1045262
-21.0,791,9499.054963,1046053
-21.0,760,9505.954242,1046813
-21.0,961,9514.747049,1047774
-20.0,898,9522.940503,1048672
-21.0,821,9530.485865,1049493
-21.0,789,9537.62486,1050282
-21.0,943,9546.248899,1051225
-20.0,918,9554.611157,1052143
-19.0,1007,9563.776119,1053150
-18.0,1044,9573.227875,1054194
-19.0,1173,9583.843958,1055367
-21.0,865,9591.719652,1056232
-20.0,899,9599.898546,1057131
-20.0,841,9607.548105,1057972
-19.0,962,9616.350918,1058934
-19.0,1024,9625.644008,1059958
-21.0,912,9633.931253,1060870
-19.0,920,9642.269648,1061790
-21.0,813,9649.69791,1062603
-20.0,832,9657.315705,1063435
-21.0,786,9664.402333,1064221
-21.0,760,9671.31645,1064981
-20.0,1018,9680.619372,1065999
-21.0,779,9687.72707,1066778
-21.0,762,9694.616711,1067540
-21.0,811,9701.914185,1068351
-21.0,1023,9711.142712,1069374
-19.0,1057,9720.769925,1070431
-20.0,928,9729.273925,1071359
-19.0,1111,9739.353987,1072470
-21.0,850,9747.143719,1073320
-21.0,940,9755.759681,1074260
-21.0,825,9763.37026,1075085
-21.0,913,9771.702432,1075998
-21.0,821,9779.148436,1076819
-20.0,943,9787.731975,1077762
-21.0,874,9795.589616,1078636
-21.0,868,9803.521097,1079504
-21.0,791,9810.75852,1080295
-20.0,1011,9819.939281,1081306
-21.0,797,9827.235345,1082103
-19.0,964,9836.066826,1083067
-20.0,923,9844.489643,1083990
-21.0,837,9852.116526,1084827
-21.0,878,9860.02114,1085705
-21.0,761,9866.902609,1086466
-21.0,901,9875.197786,1087367
-21.0,759,9882.114821,1088126
-21.0,786,9889.193066,1088912
-21.0,836,9896.799421,1089748
-20.0,938,9905.192115,1090686
-20.0,1134,9915.317791,1091820
-21.0,912,9923.56339,1092732
-20.0,837,9931.047148,1093569
-18.0,1217,9941.924721,1094786
-21.0,941,9950.325451,1095727
-21.0,840,9957.875438,1096567
-21.0,819,9965.138354,1097386
-19.0,952,9973.752889,1098338
-20.0,874,9981.573338,1099212
-20.0,840,9989.061288,1100052
-20.0,984,9997.893268,1101036
-19.0,1024,10007.043515,1102060
-21.0,1027,10016.393823,1103087
-20.0,854,10023.961192,1103941
-21.0,761,10030.760018,1104702
-20.0,943,10039.128191,1105645
-20.0,863,10046.833497,1106508
-21.0,905,10054.91843,1107413
-21.0,785,10061.91731,1108198
-20.0,1088,10071.63406,1109286
-21.0,871,10079.423764,1110157
-19.0,1219,10090.361354,1111376
-20.0,896,10098.328795,1112272
-21.0,880,10106.232298,1113152
-21.0,783,10113.218016,1113935
-21.0,872,10121.032477,1114807
-21.0,850,10128.619657,1115657
-21.0,850,10136.1508,1116507
-21.0,999,10145.127219,1117506
-21.0,824,10152.50519,1118330
-17.0,1179,10163.044875,1119509
-20.0,868,10170.796014,1120377
-21.0,1023,10179.998497,1121400
-18.0,1099,10189.890468,1122499
-21.0,850,10197.478408,1123349
-21.0,910,10205.691377,1124259
-20.0,916,10213.79762,1125175
-21.0,896,10221.806501,1126071
-20.0,985,10230.591711,1127056
-20.0,854,10238.237233,1127910
-20.0,956,10246.75372,1128866
-21.0,917,10254.930152,1129783
-19.0,993,10263.809988,1130776
-17.0,1230,10274.846487,1132006
-21.0,818,10282.156,1132824
-21.0,971,10290.884682,1133795
-20.0,834,10298.303915,1134629
-21.0,848,10305.888732,1135477
-21.0,928,10314.14169,1136405
-21.0,879,10322.069602,1137284
-20.0,894,10330.054566,1138178
-21.0,932,10338.403251,1139110
-21.0,785,10345.4284,1139895
-21.0,1020,10354.485293,1140915
-20.0,982,10363.294765,1141897
-20.0,1049,10372.619004,1142946
-20.0,955,10381.154354,1143901
-19.0,975,10389.903152,1144876
-20.0,959,10398.508311,1145835
-20.0,1012,10407.554932,1146847
-21.0,760,10414.322567,1147607
-21.0,757,10421.079824,1148364
-21.0,823,10428.478877,1149187
-21.0,966,10437.232025,1150153
-21.0,823,10444.572201,1150976
-20.0,918,10452.812579,1151894
-18.0,1077,10462.48017,1152971
-20.0,967,10471.149623,1153938
-21.0,763,10477.963537,1154701
-21.0,946,10486.353998,1155647
-21.0,906,10494.512256,1156553
-19.0,1103,10504.428954,1157656
-20.0,917,10512.598393,1158573
-19.0,919,10520.717331,1159492
-20.0,838,10528.151466,1160330
-21.0,895,10536.133683,1161225
-20.0,915,10544.239029,1162140
-19.0,1038,10553.50787,1163178
-21.0,763,10560.348262,1163941
-21.0,762,10567.121176,1164703
-20.0,930,10575.414106,1165633
-21.0,761,10582.18276,1166394
-19.0,1136,10592.34151,1167530
-19.0,997,10601.176952,1168527
-21.0,758,10607.870431,1169285
-19.0,1108,10617.738399,1170393
-21.0,840,10625.200324,1171233
-21.0,850,10632.772928,1172083
-20.0,927,10640.944551,1173010
-20.0,901,10648.967458,1173911
-20.0,1108,10658.788604,1175019
-20.0,836,10666.203223,1175855
-20.0,863,10673.851542,1176718
-21.0,959,10682.302451,1177677
-21.0,908,10690.350933,1178585
-20.0,988,10699.165791,1179573
-21.0,936,10707.497131,1180509
-20.0,919,10715.699319,1181428
-21.0,837,10723.077859,1182265
-20.0,895,10731.1388,1183160
-21.0,781,10738.032291,1183941
-20.0,913,10746.096039,1184854
-19.0,1112,10755.891448,1185966
-19.0,970,10764.482956,1186936
-21.0,907,10772.564605,1187843
-21.0,883,10780.418473,1188726
-21.0,839,10787.899954,1189565
-20.0,1007,10796.767454,1190572
-21.0,808,10804.019485,1191380
-20.0,918,10812.217832,1192298
-21.0,757,10818.908656,1193055
-21.0,789,10825.947849,1193844
-21.0,760,10832.757981,1194604
-20.0,969,10841.378468,1195573
-21.0,758,10848.092386,1196331
-21.0,840,10855.586742,1197171
-21.0,821,10862.886483,1197992
-20.0,901,10870.879704,1198893
-19.0,1034,10880.111113,1199927
-21.0,924,10888.3592,1200851
-21.0,968,10897.080599,1201819
-21.0,762,10903.906968,1202581
-21.0,909,10912.187753,1203490
-20.0,961,10920.727145,1204451
-21.0,1017,10929.789576,1205468
-20.0,874,10937.515393,1206342
-21.0,824,10944.873401,1207166
-20.0,925,10953.041663,1208091
-20.0,863,10960.672944,1208954
-20.0,868,10968.348534,1209822
-21.0,763,10975.105434,1210585
-21.0,762,10981.890595,1211347
-21.0,758,10988.659709,1212105
-19.0,1098,10998.409456,1213203
-21.0,946,11006.873025,1214149
-21.0,879,11014.648054,1215028
-19.0,1002,11023.593067,1216030
-21.0,851,11031.127621,1216881
-21.0,759,11037.890503,1217640
-21.0,758,11044.680725,1218398
-21.0,882,11052.483169,1219280
-21.0,762,11059.241037,1220042
-21.0,782,11066.154206,1220824
-20.0,837,11073.562082,1221661
-21.0,791,11080.658647,1222452
-21.0,974,11089.277446,1223426
-20.0,987,11097.986124,1224413
-21.0,878,11105.848693,1225291
-19.0,1080,11115.494321,1226371
-20.0,868,11123.211367,1227239
-19.0,1054,11132.553579,1228293
-18.0,1118,11142.505931,1229411
-20.0,1307,11154.089318,1230718
-21.0,815,11161.313446,1231533
-20.0,835,11168.73625,1232368
-21.0,790,11175.850604,1233158
-21.0,883,11183.702246,1234041
-19.0,1172,11194.045229,1235213
-20.0,883,11201.909055,1236096
-18.0,1055,11211.340007,1237151
-21.0,763,11218.108956,1237914
-21.0,829,11225.45586,1238743
-19.0,934,11233.789901,1239677
-20.0,957,11242.29357,1240634
-19.0,1087,11251.970441,1241721
-21.0,837,11259.523489,1242558
-20.0,1143,11269.677445,1243701
-21.0,849,11277.203449,1244550
-21.0,969,11285.848644,1245519
-18.0,1127,11295.916299,1246646
-21.0,806,11303.176352,1247452
-20.0,900,11311.187907,1248352
-21.0,763,11318.010624,1249115
-21.0,760,11324.702661,1249875
-20.0,1064,11334.177808,1250939
-18.0,1146,11344.391801,1252085
-20.0,903,11352.462859,1252988
-20.0,886,11360.37479,1253874
-21.0,816,11367.577599,1254690
-21.0,762,11374.38899,1255452
-21.0,777,11381.367235,1256229
-21.0,930,11389.687273,1257159
-19.0,984,11398.528441,1258143
-19.0,995,11407.413711,1259138
-21.0,877,11415.184233,1260015
-20.0,927,11423.474169,1260942
-21.0,947,11431.805613,1261889
-21.0,800,11438.965614,1262689
-21.0,825,11446.365196,1263514
-20.0,979,11455.102358,1264493
-20.0,959,11463.678715,1265452
-21.0,809,11470.895124,1266261
-21.0,834,11478.423293,1267095
-20.0,1000,11487.294714,1268095
-21.0,811,11494.601565,1268906
-19.0,1129,11504.658114,1270035
-20.0,924,11512.822873,1270959
-21.0,880,11520.704224,1271839
-21.0,758,11527.494708,1272597
-21.0,823,11534.818232,1273420
-20.0,1043,11544.110419,1274463
-21.0,821,11551.365132,1275284
-20.0,882,11559.20609,1276166
-21.0,820,11566.482055,1276986
-20.0,993,11575.287625,1277979
-19.0,1238,11586.457534,1279217
-21.0,817,11593.801959,1280034
-21.0,943,11602.199229,1280977
-20.0,895,11610.204676,1281872
-18.0,1234,11621.223665,1283106
-20.0,983,11629.939424,1284089
-20.0,859,11637.580451,1284948
-20.0,993,11646.414222,1285941
-21.0,815,11653.690945,1286756
-20.0,878,11661.513226,1287634
-20.0,975,11670.126523,1288609
-21.0,943,11678.522834,1289552
-21.0,880,11686.327241,1290432
-20.0,902,11694.314747,1291334
-21.0,1058,11703.842077,1292392
-21.0,849,11711.422976,1293241
-17.0,1307,11722.979034,1294548
-21.0,876,11730.710383,1295424
-21.0,761,11737.527497,1296185
-21.0,866,11745.200787,1297051
-21.0,759,11751.955291,1297810
-21.0,763,11758.742751,1298573
-19.0,1168,11769.188893,1299741
-21.0,777,11776.130167,1300518
-20.0,963,11784.694029,1301481
-21.0,781,11791.639847,1302262
-21.0,911,11799.937166,1303173
-21.0,834,11807.396826,1304007
-18.0,1097,11817.171122,1305104
-20.0,881,11824.966101,1305985
-21.0,938,11833.333836,1306923
-20.0,1015,11842.40908,1307938
-20.0,959,11850.892082,1308897
-18.0,1134,11860.920459,1310031
-20.0,978,11869.603778,1311009
-21.0,961,11878.128997,1311970
-21.0,838,11885.587731,1312808
-19.0,933,11893.887652,1313741
-21.0,836,11901.34321,1314577
-20.0,832,11908.705713,1315409
-21.0,836,11916.079912,1316245
-20.0,1002,11924.938005,1317247
-21.0,942,11933.307374,1318189
-21.0,847,11940.805182,1319036
-21.0,759,11947.596479,1319795
-21.0,849,11955.127083,1320644
-20.0,835,11962.59968,1321479
-19.0,1081,11972.178225,1322560
-21.0,823,11979.522103,1323383
-21.0,818,11986.739579,1324201
-18.0,1160,11997.102021,1325361
-21.0,845,12004.621985,1326206
-19.0,934,12012.968551,1327140
-21.0,785,12019.900367,1327925
-18.0,1208,12030.651289,1329133
-20.0,852,12038.3081,1329985
-20.0,956,12046.813648,1330941
-20.0,952,12055.291667,1331893
-20.0,917,12063.552404,1332810
-21.0,866,12071.239366,1333676
-20.0,927,12079.453882,1334603
-20.0,975,12088.233642,1335578
-20.0,1025,12097.369159,1336603
-20.0,840,12104.816477,1337443
-20.0,942,12113.165273,1338385
-18.0,1137,12123.308207,1339522
-20.0,913,12131.398354,1340435
-21.0,762,12138.19142,1341197
-20.0,928,12146.430845,1342125
-19.0,1012,12155.393713,1343137
-20.0,878,12163.197721,1344015
-21.0,764,12170.016805,1344779
-21.0,778,12176.949259,1345557
-20.0,924,12185.15886,1346481
-21.0,884,12193.00131,1347365
-21.0,804,12200.199159,1348169
-20.0,988,12209.023669,1349157
-21.0,853,12216.589823,1350010
-20.0,1001,12225.481196,1351011
-20.0,943,12233.763962,1351954
-18.0,1176,12244.169919,1353130
-21.0,878,12252.039849,1354008
-21.0,1077,12261.551672,1355085
-20.0,1041,12270.830966,1356126
-19.0,1086,12280.507646,1357212
-20.0,868,12288.165597,1358080
-21.0,819,12295.417474,1358899
-19.0,1145,12305.541772,1360044
-21.0,964,12314.033516,1361008
-20.0,1032,12323.141573,1362040
-21.0,1034,12332.283987,1363074
-20.0,976,12340.891611,1364050
-21.0,880,12348.679621,1364930
-21.0,817,12356.024191,1365747
-21.0,759,12362.777211,1366506
-21.0,762,12369.495961,1367268
-21.0,824,12376.81155,1368092
-21.0,907,12384.892848,1368999
-21.0,859,12392.548456,1369858
-21.0,760,12399.2347,1370618
-21.0,1026,12408.299743,1371644
-20.0,954,12416.728469,1372598
-21.0,879,12424.519103,1373477
-21.0,904,12432.486986,1374381
-21.0,903,12440.46385,1375284
-19.0,1076,12449.954114,1376360
-19.0,1018,12459.03647,1377378
-21.0,815,12466.331053,1378193
-21.0,762,12473.110705,1378955
-21.0,757,12479.862423,1379712
-19.0,1040,12489.399741,1380752
-21.0,823,12496.664444,1381575
-20.0,841,12504.158813,1382416
-18.0,989,12512.936833,1383405
-21.0,858,12520.569342,1384263
-19.0,1163,12530.826791,1385426
-20.0,838,12538.254662,1386264
-20.0,928,12546.471632,1387192
-21.0,909,12554.55352,1388101
-19.0,1070,12564.142468,1389171
-19.0,985,12572.964849,1390156
-21.0,914,12581.076514,1391070
-21.0,942,12589.42304,1392012
-20.0,963,12598.060844,1392975
-21.0,848,12605.574839,1393823
-21.0,881,12613.420283,1394704
-19.0,1079,12623.013321,1395783
-21.0,788,12630.06268,1396571
-18.0,1008,12638.997374,1397579
-19.0,933,12647.326676,1398512
-21.0,848,12654.803495,1399360
-21.0,875,12662.614104,1400235
-21.0,819,12669.936975,1401054
-20.0,946,12678.368094,1402000
-19.0,995,12687.246841,1402995
-21.0,836,12695.018272,1403831
-21.0,818,12702.26536,1404649
-20.0,976,12710.886031,1405625
-21.0,764,12717.671368,1406389
-19.0,949,12726.104949,1407338
-21.0,805,12733.303256,1408143
-21.0,971,12741.972118,1409114
-21.0,938,12750.316067,1410052
-21.0,805,12757.469965,1410857
-21.0,971,12766.140626,1411828
-21.0,761,12772.901328,1412589
-21.0,986,12781.582079,1413575
-20.0,836,12789.010166,1414411
-20.0,1073,12798.536824,1415484
-21.0,885,12806.462301,1416369
-21.0,837,12813.803122,1417206
-21.0,884,12821.649758,1418090
-21.0,764,12828.42989,1418854
-21.0,818,12835.803633,1419672
-21.0,944,12844.203493,1420616
-20.0,1013,12853.193455,1421629
-20.0,913,12861.359791,1422542
-20.0,914,12869.470894,1423456
-21.0,761,12876.248666,1424217
-19.0,1146,12886.38143,1425363
-20.0,917,12894.577441,1426280
-21.0,792,12901.579498,1427072
-21.0,758,12908.366997,1427830
-21.0,778,12915.287175,1428608
-21.0,814,12922.442055,1429422
-21.0,788,12929.45081,1430210
-19.0,1051,12938.812811,1431261
-21.0,995,12947.665891,1432256
-20.0,1016,12956.621644,1433272
-20.0,948,12965.230801,1434220
-21.0,870,12973.292701,1435090
-18.0,1197,12984.189717,1436287
-21.0,759,12991.076395,1437046
-19.0,1258,13002.683746,1438304
-21.0,836,13010.318195,1439140
-18.0,1136,13020.68998,1440276
-20.0,904,13028.905712,1441180
-20.0,1124,13039.223507,1442304
-20.0,927,13047.71887,1443231
-21.0,1088,13057.647439,1444319
-20.0,914,13066.067919,1445233
-21.0,822,13073.52738,1446055
-21.0,821,13081.092574,1446876
-21.0,1004,13090.298185,1447880
-21.0,822,13097.85248,1448702
-21.0,824,13105.392789,1449526
-19.0,1101,13115.450222,1450627
-20.0,897,13123.657336,1451524
-20.0,1025,13132.98349,1452549
-20.0,958,13141.722976,1453507
-21.0,879,13149.660527,1454386
-19.0,1021,13158.960603,1455407
-20.0,1016,13168.218877,1456423
-21.0,785,13175.384151,1457208
-20.0,975,13184.360169,1458183
-21.0,843,13192.076927,1459026
-21.0,939,13200.541648,1459965
-20.0,1114,13210.713313,1461079
-19.0,1160,13221.324827,1462239
-21.0,883,13229.341991,1463122
-19.0,1071,13239.056231,1464193
-21.0,764,13246.041883,1464957
-20.0,898,13254.243369,1465855
-21.0,849,13262.057579,1466704
-21.0,820,13269.504865,1467524
-20.0,947,13278.161429,1468471
-21.0,757,13285.03243,1469228
-20.0,867,13292.962689,1470095
-21.0,1004,13302.109619,1471099
-21.0,908,13310.323855,1472007
-21.0,846,13318.033037,1472853
-21.0,819,13325.507102,1473672
-19.0,967,13334.313051,1474639
-20.0,961,13343.066836,1475600
-21.0,941,13351.574912,1476541
-20.0,858,13359.325896,1477399
-20.0,861,13367.137895,1478260
-21.0,764,13374.090482,1479024
-21.0,760,13380.957271,1479784
-21.0,762,13387.841581,1480546
-21.0,988,13396.876604,1481534
-20.0,922,13405.258819,1482456
-21.0,818,13412.740626,1483274
-20.0,935,13421.279382,1484209
-21.0,822,13428.734368,1485031
-20.0,974,13437.660164,1486005
-21.0,966,13446.463564,1486971
-20.0,953,13455.168273,1487924
-21.0,854,13462.934561,1488778
-21.0,822,13470.367111,1489600
-19.0,1008,13479.536661,1490608
-21.0,883,13487.608124,1491491
-20.0,912,13496.003043,1492403
-21.0,965,13504.809147,1493368
-21.0,964,13513.639588,1494332
-21.0,914,13521.915589,1495246
-21.0,825,13529.378888,1496071
-20.0,938,13537.927733,1497009
-20.0,1099,13547.860326,1498108
-21.0,787,13554.918772,1498895
-21.0,879,13562.847248,1499774
-20.0,832,13570.429903,1500606
-20.0,991,13579.410445,1501597
-21.0,763,13586.295465,1502360
-21.0,761,13593.221809,1503121
-21.0,848,13601.047504,1503969
-21.0,817,13608.330864,1504786
-21.0,759,13615.189278,1505545
-21.0,762,13622.150709,1506307
-21.0,905,13630.314211,1507212
-17.0,1139,13640.589773,1508351
-20.0,880,13648.495678,1509231
-21.0,761,13655.413518,1509992
-20.0,863,13663.244077,1510855
-21.0,929,13671.671173,1511784
-19.0,1059,13681.295421,1512843
-21.0,760,13688.140253,1513603
-21.0,896,13696.225157,1514499
-21.0,757,13703.099876,1515256
-20.0,1046,13712.549027,1516302
-21.0,907,13720.710456,1517209
-20.0,876,13728.575423,1518085
-20.0,1206,13739.480366,1519291
-21.0,790,13746.567622,1520081
-21.0,762,13753.430448,1520843
-19.0,911,13761.595985,1521754
-21.0,821,13769.050097,1522575
-20.0,957,13777.800039,1523532
-21.0,792,13784.968253,1524324
-21.0,943,13793.549719,1525267
-19.0,1084,13803.468375,1526351
-20.0,934,13811.987503,1527285
-20.0,914,13820.241544,1528199
-21.0,988,13829.203281,1529187
-20.0,1046,13838.733051,1530233
-19.0,1005,13847.795885,1531238
-21.0,1029,13857.159009,1532267
-21.0,903,13865.446608,1533170
-20.0,1047,13874.926479,1534217
-20.0,981,13883.735236,1535198
-21.0,884,13891.765582,1536082
-21.0,882,13899.778955,1536964
-21.0,805,13907.026132,1537769
-21.0,938,13915.638411,1538707
-20.0,902,13923.805801,1539609
-20.0,917,13932.118886,1540526
-20.0,981,13941.108309,1541507
-19.0,1137,13951.474752,1542644
-20.0,874,13959.41247,1543518
-21.0,804,13966.745997,1544322
-20.0,920,13975.041503,1545242
-21.0,789,13982.289306,1546031
-20.0,1020,13991.673776,1547051
-21.0,822,13999.185623,1547873
-20.0,982,14008.202815,1548855
-21.0,788,14015.382103,1549643
-21.0,867,14023.190854,1550510
-21.0,820,14030.654202,1551330
-21.0,970,14039.49371,1552300
-18.0,1187,14050.330954,1553487
-20.0,835,14057.989073,1554322
-21.0,874,14065.935713,1555196
-21.0,820,14073.338509,1556016
-21.0,786,14080.466322,1556802
-21.0,982,14089.432737,1557784
-20.0,994,14098.462283,1558778
-21.0,818,14105.91391,1559596
-21.0,976,14114.801631,1560572
-21.0,758,14121.697882,1561330
-20.0,896,14129.827888,1562226
-21.0,822,14137.203263,1563048
-20.0,1019,14146.428098,1564067
-19.0,1064,14156.048377,1565131
-21.0,846,14163.68794,1565977
-21.0,758,14170.562559,1566735
-21.0,938,14179.086537,1567673
-20.0,915,14187.380375,1568588
-21.0,951,14195.949042,1569539
-21.0,820,14203.356451,1570359
-20.0,903,14211.60732,1571262
-18.0,1158,14222.047028,1572420
-21.0,852,14229.888827,1573272
-21.0,955,14238.60091,1574227
-18.0,1210,14249.658593,1575437
-21.0,884,14257.593807,1576321
-20.0,954,14266.141475,1577275
-21.0,869,14274.038327,1578144
-21.0,819,14281.527257,1578963
-21.0,945,14290.072414,1579908
-20.0,987,14299.027573,1580895
-21.0,885,14307.025414,1581780
-21.0,874,14314.926663,1582654
-21.0,757,14321.807205,1583411
-20.0,946,14330.34519,1584357
-21.0,964,14339.065437,1585321
-20.0,893,14347.069477,1586214
-19.0,1043,14356.582261,1587257
-20.0,863,14364.420752,1588120
-21.0,825,14371.889168,1588945
-21.0,852,14379.592302,1589797
-19.0,1185,14390.252104,1590982
-21.0,880,14398.284168,1591862
-19.0,1023,14407.573307,1592885
-19.0,1030,14416.945902,1593915
-21.0,911,14425.201067,1594826
-20.0,926,14433.644641,1595752
-20.0,877,14441.537006,1596629
-20.0,949,14450.056784,1597578
-20.0,916,14458.377651,1598494
-20.0,865,14466.278001,1599359
-20.0,926,14474.660071,1600285
-21.0,822,14482.160015,1601107
-21.0,822,14489.69146,1601929
-21.0,823,14497.111085,1602752
-21.0,764,14504.00967,1603516
-19.0,1114,14514.296712,1604630
-21.0,911,14522.56989,1605541
-21.0,871,14530.476081,1606412
-21.0,936,14539.023005,1607348
-21.0,757,14545.903493,1608105
-21.0,838,14553.786053,1608943
-21.0,902,14561.954072,1609845
-21.0,936,14570.422857,1610781
-21.0,777,14577.368414,1611558
-21.0,821,14584.851196,1612379
-20.0,870,14592.704702,1613249
-19.0,954,14601.357233,1614203
-20.0,849,14609.055964,1615052
-21.0,904,14617.25314,1615956
-21.0,942,14625.87189,1616898
-19.0,1005,14634.94392,1617903
-20.0,1078,14644.846493,1618981
-21.0,870,14652.736757,1619851
-21.0,1005,14661.905182,1620856
-21.0,762,14668.863156,1621618
-19.0,1115,14678.963296,1622733
-21.0,761,14685.858635,1623494
-18.0,1204,14696.793091,1624698
-20.0,1003,14705.893584,1625701
-21.0,761,14712.827008,1626462
-21.0,834,14720.39121,1627296
-21.0,760,14727.28827,1628056
-21.0,847,14734.973941,1628903
-21.0,877,14742.975141,1629780
-21.0,819,14750.425514,1630599
-21.0,899,14758.561541,1631498
-21.0,849,14766.271389,1632347
-19.0,964,14775.020335,1633311
-20.0,934,14783.451889,1634245
-21.0,885,14791.467868,1635130
-20.0,974,14800.40933,1636104
-20.0,1095,14810.364201,1637199
-21.0,762,14817.331516,1637961
-21.0,877,14825.303846,1638838
-21.0,758,14832.233978,1639596
-18.0,1169,14842.760427,1640765
-19.0,1111,14852.794865,1641876
-21.0,912,14861.157726,1642788
-21.0,839,14868.741677,1643627
-20.0,898,14876.890026,1644525
-20.0,928,14885.337477,1645453
-21.0,780,14892.473516,1646233
-21.0,791,14899.686468,1647024
-21.0,947,14908.272019,1647971
-18.0,1274,14919.813197,1649245
-21.0,851,14927.464108,1650096
-21.0,800,14934.67861,1650896
-20.0,944,14943.298971,1651840
-20.0,901,14951.487965,1652741
-16.0,1419,14964.363667,1654160
-20.0,1084,14974.235085,1655244
-19.0,939,14982.842852,1656183
-19.0,944,14991.494055,1657127
-21.0,860,14999.309898,1657987
-21.0,758,15006.141356,1658745
-21.0,880,15014.110906,1659625
-21.0,760,15021.029083,1660385
-20.0,959,15029.691628,1661344
-21.0,868,15037.641922,1662212
-20.0,954,15046.302362,1663166
-21.0,989,15055.352293,1664155
-21.0,897,15063.522259,1665052
-21.0,760,15070.48441,1665812
-20.0,915,15078.823793,1666727
-19.0,928,15087.352155,1667655
-21.0,787,15094.47385,1668442
-20.0,981,15103.359499,1669423
-21.0,838,15110.962111,1670261
-20.0,1013,15120.168819,1671274
-21.0,886,15128.166855,1672160
-19.0,1008,15137.295267,1673168
-20.0,1015,15146.521228,1674183
-21.0,904,15154.729611,1675087
-20.0,838,15162.350235,1675925
-20.0,1039,15171.632848,1676964
-19.0,1298,15183.420506,1678262
-19.0,1011,15192.539766,1679273
-21.0,763,15199.321289,1680036
-21.0,762,15206.149498,1680798
-20.0,915,15214.393269,1681713
-21.0,760,15221.234768,1682473
-21.0,817,15228.576231,1683290
-21.0,763,15235.465513,1684053
-21.0,866,15243.281846,1684919
-21.0,821,15250.687241,1685740
-21.0,823,15258.133054,1686563
-21.0,817,15265.478967,1687380
-21.0,825,15272.913939,1688205
-18.0,1237,15284.02609,1689442
-21.0,969,15292.75159,1690411
-21.0,895,15300.807164,1691306
-20.0,929,15309.161606,1692235
-17.0,1265,15320.638187,1693500
-20.0,835,15328.217188,1694335
-20.0,897,15336.25932,1695232
-21.0,786,15343.345519,1696018
-21.0,820,15350.742486,1696838
-20.0,928,15359.053032,1697766
-20.0,917,15367.243254,1698683
-21.0,1085,15376.96637,1699768
-21.0,913,15385.171393,1700681
-21.0,944,15393.69306,1701625
-20.0,929,15402.147513,1702554
-20.0,929,15410.583409,1703483
-21.0,779,15417.919945,1704262
-20.0,926,15426.285231,1705188
-21.0,809,15433.595417,1705997
-21.0,821,15441.016119,1706818
-20.0,942,15449.526006,1707760
-21.0,1027,15458.842267,1708787
-21.0,834,15466.356505,1709621
-18.0,993,15475.415279,1710614
-21.0,820,15482.873107,1711434
-21.0,855,15490.61012,1712289
-21.0,786,15497.699144,1713075
-21.0,868,15505.479438,1713943
-21.0,901,15513.66484,1714844
-21.0,817,15521.066718,1715661
-21.0,921,15529.530557,1716582
-21.0,762,15536.415389,1717344
-21.0,825,15543.841257,1718169
-21.0,841,15551.534976,1719010
-20.0,895,15559.66415,1719905
-21.0,1050,15569.276471,1720955
-20.0,1094,15579.12398,1722049
-21.0,969,15587.916367,1723018
-21.0,819,15595.427886,1723837
-21.0,809,15602.785778,1724646
-21.0,877,15610.828534,1725523
-21.0,821,15618.296919,1726344
-18.0,1050,15627.790655,1727394
-19.0,994,15636.849683,1728388
-21.0,813,15644.169849,1729201
-20.0,959,15653.010676,1730160
-21.0,786,15660.184344,1730946
-20.0,898,15668.407084,1731844
-21.0,792,15675.54896,1732636
-21.0,820,15682.944391,1733456
-21.0,879,15690.963054,1734335
-20.0,981,15699.946159,1735316
-21.0,760,15706.811312,1736076
-21.0,849,15714.52904,1736925
-21.0,883,15722.577786,1737808
-20.0,835,15730.255502,1738643
-21.0,868,15738.168802,1739511
-19.0,1014,15747.383638,1740525
-21.0,822,15754.819479,1741347
-21.0,871,15762.783172,1742218
-20.0,925,15771.060902,1743143
-20.0,977,15779.909665,1744120
-21.0,851,15787.618954,1744971
-21.0,999,15796.680416,1745970
-19.0,976,15805.508031,1746946
-21.0,759,15812.441148,1747705
-21.0,900,15820.672023,1748605
-21.0,823,15828.149016,1749428
-21.0,787,15835.262003,1750215
-21.0,763,15842.287884,1750978
-20.0,901,15850.595795,1751879
-21.0,908,15858.842114,1752787
-21.0,883,15866.878565,1753670
-20.0,891,15875.00002,1754561
-20.0,869,15882.8545,1755430
-20.0,897,15891.00454,1756327
-21.0,1000,15900.131161,1757327
-21.0,842,15907.754092,1758169
-20.0,892,15915.960076,1759061
-20.0,961,15924.645281,1760022
-21.0,819,15932.09393,1760841
-21.0,836,15939.7042,1761677
-20.0,927,15948.173334,1762604
-19.0,1018,15957.420284,1763622
-19.0,993,15966.404512,1764615
-19.0,955,15975.078378,1765570
-21.0,836,15982.696563,1766406
-21.0,962,15991.443702,1767368
-21.0,809,15998.894144,1768177
-21.0,764,16005.881197,1768941
-20.0,993,16014.938704,1769934
-21.0,971,16023.850901,1770905
-21.0,817,16031.25085,1771722
-19.0,1050,16040.839761,1772772
-21.0,896,16048.989878,1773668
-19.0,1055,16058.594155,1774723
-21.0,938,16067.066915,1775661
-21.0,792,16074.220525,1776453
-18.0,1144,16084.686991,1777597
-21.0,849,16092.706028,1778446
-21.0,1152,16103.192615,1779598
-20.0,998,16112.25313,1780596
-21.0,989,16121.263974,1781585
-20.0,969,16130.087063,1782554
-21.0,1051,16139.703759,1783605
-19.0,1190,16150.544345,1784795
-21.0,791,16157.738561,1785586
-21.0,877,16165.718549,1786463
-21.0,758,16172.639882,1787221
-20.0,985,16181.56863,1788206
-19.0,946,16190.102524,1789152
-20.0,869,16197.963067,1790021
-21.0,823,16205.444147,1790844
-21.0,890,16213.545584,1791734
-21.0,762,16220.455475,1792496
-21.0,761,16227.390364,1793257
-21.0,821,16234.864378,1794078
-21.0,762,16241.727512,1794840
-19.0,1025,16250.977529,1795865
-21.0,814,16258.370644,1796679
-21.0,758,16265.282999,1797437
-21.0,884,16273.302008,1798321
-21.0,883,16281.219937,1799204
-21.0,785,16288.308387,1799989
-20.0,944,16296.864443,1800933
-20.0,916,16305.247981,1801849
-21.0,909,16313.390033,1802758
-21.0,759,16320.305082,1803517
-21.0,942,16329.095976,1804459
-21.0,845,16336.721911,1805304
-21.0,786,16343.807396,1806090
-20.0,918,16352.180895,1807008
-20.0,968,16360.99223,1807976
-19.0,960,16369.717925,1808936
-21.0,1177,16380.33252,1810113
-21.0,853,16388.067261,1810966
-21.0,786,16395.234815,1811752
-21.0,848,16402.879753,1812600
-21.0,967,16411.629798,1813567
-19.0,1030,16421.072271,1814597
-20.0,1012,16430.324985,1815609
-21.0,972,16439.079908,1816581
-21.0,943,16447.618247,1817524
-21.0,1015,16456.881822,1818539
-21.0,846,16464.631452,1819385
-20.0,875,16472.644856,1820260
-20.0,863,16480.475248,1821123
-20.0,851,16488.261872,1821974
-20.0,926,16496.658055,1822900
-20.0,975,16505.558095,1823875
-21.0,945,16514.192025,1824820
-20.0,923,16522.480761,1825743
-18.0,1132,16532.780236,1826875
-19.0,978,16541.654944,1827853
-20.0,1024,16550.935871,1828877
-19.0,1019,16560.218338,1829896
-20.0,995,16569.323531,1830891
-21.0,1077,16579.127735,1831968
-21.0,944,16587.694358,1832912
-20.0,898,16595.81849,1833810
-21.0,819,16603.257082,1834629
-21.0,818,16610.689446,1835447
-20.0,927,16619.086802,1836374
-21.0,886,16627.097493,1837260
-20.0,915,16635.486567,1838175
-20.0,868,16643.328989,1839043
-20.0,875,16651.31139,1839918
-19.0,1112,16661.42963,1841030
-20.0,854,16669.193542,1841884
-21.0,822,16676.636353,1842706
-21.0,761,16683.458909,1843467
-21.0,856,16691.305694,1844323
-20.0,921,16699.64252,1845244
-21.0,986,16708.553769,1846230
-21.0,958,16717.343421,1847188
-21.0,788,16724.540469,1847976
-21.0,908,16732.82217,1848884
-21.0,922,16741.130794,1849806
-17.0,1152,16751.602715,1850958
-20.0,1010,16760.715672,1851968
-20.0,874,16768.541392,1852842
-20.0,1013,16777.606895,1853855
-21.0,957,16786.220145,1854812
-21.0,824,16793.691808,1855636
-19.0,1117,16803.702456,1856753
-21.0,990,16812.604641,1857743
-21.0,885,16820.65856,1858628
-20.0,936,16829.089608,1859564
-20.0,843,16836.644043,1860407
-19.0,929,16845.035484,1861336
-20.0,1078,16854.786482,1862414
-21.0,777,16861.878885,1863191
-21.0,1047,16871.331451,1864238
-19.0,1080,16881.099569,1865318
-21.0,879,16889.095767,1866197
-20.0,918,16897.35482,1867115
-21.0,781,16904.440344,1867896
-20.0,832,16912.009113,1868728
-20.0,929,16920.450908,1869657
-21.0,836,16927.948249,1870493
-20.0,931,16936.390566,1871424
-21.0,820,16943.755574,1872244
-21.0,835,16951.204629,1873079
-20.0,885,16959.156681,1873964
-21.0,786,16966.250476,1874750
-21.0,822,16973.750029,1875572
-21.0,852,16981.360382,1876424
-19.0,966,16990.124554,1877390
-21.0,852,16997.852357,1878242
-21.0,884,17005.875157,1879126
-21.0,940,17014.375173,1880066
-18.0,1178,17025.113106,1881244
-21.0,851,17032.797547,1882095
-20.0,839,17040.524842,1882934
-21.0,1054,17050.28356,1883988
-21.0,839,17057.860045,1884827
-19.0,933,17066.370496,1885760
-20.0,902,17074.544013,1886662
-18.0,1198,17085.347237,1887860
-19.0,1009,17094.480651,1888869
-20.0,914,17102.791444,1889783
-21.0,824,17110.253174,1890607
-21.0,847,17117.921262,1891454
-21.0,848,17125.698541,1892302
-21.0,820,17133.085014,1893122
-21.0,892,17141.198078,1894014
-21.0,911,17149.437347,1894925
-20.0,873,17157.345667,1895798
-20.0,1076,17167.072859,1896874
-20.0,959,17175.781431,1897833
-21.0,905,17183.935915,1898738
-21.0,787,17191.035088,1899525
-20.0,1003,17200.119297,1900528
-21.0,878,17208.145387,1901406
-20.0,1037,17217.56419,1902443
-20.0,926,17225.94448,1903369
-20.0,1065,17235.834531,1904434
-20.0,980,17244.693185,1905414
-19.0,1067,17254.380952,1906481
-21.0,786,17261.534331,1907267
-21.0,783,17268.696458,1908050
-21.0,819,17276.119223,1908869
-21.0,777,17283.144894,1909646
-21.0,909,17291.419072,1910555
-21.0,817,17298.862322,1911372
-18.0,1173,17309.538347,1912545
-21.0,852,17317.269193,1913397
-20.0,992,17326.190792,1914389
-20.0,948,17334.798703,1915337
-21.0,787,17341.942069,1916124
-19.0,934,17350.514147,1917058
-21.0,758,17357.417854,1917816
-21.0,847,17365.15489,1918663
-21.0,996,17374.184248,1919659
-20.0,860,17382.093843,1920519
-21.0,820,17389.48229,1921339
-20.0,928,17397.97444,1922267
-19.0,1133,17408.259586,1923400
-21.0,848,17415.94487,1924248
-20.0,892,17424.033349,1925140
-21.0,778,17431.080223,1925918
-21.0,787,17438.259193,1926705
-21.0,1004,17447.27569,1927709
-21.0,979,17456.159673,1928688
-17.0,1288,17467.918441,1929976
-21.0,868,17475.841029,1930844
-20.0,928,17484.261055,1931772
-19.0,1023,17493.537007,1932795
-21.0,1000,17502.615462,1933795
-20.0,901,17510.754433,1934696
-20.0,1078,17520.483261,1935774
-21.0,944,17529.239471,1936718
-19.0,997,17538.295823,1937715
-21.0,818,17545.774135,1938533
-21.0,878,17554.174928,1939411
-21.0,988,17563.983551,1940399
-21.0,937,17572.470959,1941336
-21.0,908,17580.741782,1942244
-21.0,820,17588.223599,1943064
-18.0,1010,17597.584467,1944074
-21.0,1064,17607.340587,1945138
-19.0,992,17616.346888,1946130
-19.0,1176,17627.096141,1947306
-20.0,917,17635.449646,1948223
-20.0,957,17644.235783,1949180
-21.0,851,17652.018085,1950031
-21.0,779,17659.143412,1950810
-21.0,944,17667.652716,1951754
-21.0,988,17676.629131,1952742
-19.0,1124,17686.898528,1953866
-19.0,1046,17696.382795,1954912
-20.0,1225,17707.608461,1956137
-19.0,1159,17718.27103,1957296
-19.0,1117,17728.437853,1958413
-20.0,926,17736.875309,1959339
-21.0,915,17745.192941,1960254
-19.0,1053,17754.790068,1961307
-21.0,913,17763.041661,1962220
-20.0,972,17771.838827,1963192
-21.0,912,17780.16645,1964104
-21.0,825,17787.707654,1964929
-19.0,1255,17799.137941,1966184
-20.0,912,17807.461714,1967096
-21.0,859,17815.32043,1967955
-20.0,1074,17825.128052,1969029
-20.0,863,17832.956873,1969892
-21.0,1029,17842.394661,1970921
-18.0,1145,17852.816566,1972066
-20.0,935,17861.3118,1973001
-20.0,1125,17871.479527,1974126
-20.0,1023,17880.804036,1975149
-21.0,885,17888.90686,1976034
-21.0,805,17896.264369,1976839
-20.0,871,17904.218068,1977710
-20.0,913,17912.536112,1978623
-20.0,1122,17922.959703,1979745
-20.0,1003,17932.223649,1980748
-21.0,903,17940.465092,1981651
-20.0,954,17949.140117,1982605
-20.0,959,17957.909264,1983564
-21.0,869,17965.853545,1984433
-20.0,1003,17975.052401,1985436
-21.0,909,17983.313409,1986345
-20.0,1006,17992.48834,1987351
-21.0,791,17999.728653,1988142
-19.0,961,18008.591664,1989103
-19.0,994,18017.638313,1990097
-20.0,986,18026.606225,1991083
-19.0,1115,18036.737878,1992198
-21.0,910,18044.954187,1993108
-19.0,970,18053.757121,1994078
-21.0,879,18061.912852,1994957
-19.0,1149,18072.303719,1996106
-21.0,940,18080.750124,1997046
-20.0,869,18088.654084,1997915
-21.0,924,18097.102254,1998839
-21.0,879,18105.11657,1999718
-20.0,916,18113.385973,2000634
-21.0,869,18121.333543,2001503
-20.0,947,18129.877447,2002450
-19.0,1023,18139.130354,2003473
-21.0,866,18147.059699,2004339
-21.0,883,18155.342463,2005222
-21.0,899,18163.398384,2006121
-19.0,948,18172.025111,2007069
-21.0,780,18179.113487,2007849
-20.0,955,18187.809472,2008804
-20.0,836,18195.3771,2009640
-21.0,1023,18204.655231,2010663
-20.0,873,18212.565342,2011536
-21.0,876,18220.357907,2012412
-20.0,894,18228.396208,2013306
-21.0,851,18236.111349,2014157
-21.0,836,18243.649976,2014993
-19.0,1113,18253.731975,2016106
-19.0,929,18262.13383,2017035
-21.0,969,18270.866173,2018004
-19.0,1131,18280.998502,2019135
-21.0,859,18288.642915,2019994
-21.0,939,18297.120373,2020933
-21.0,819,18304.475371,2021752
-20.0,1002,18313.520386,2022754
-17.0,1271,18324.967765,2024025
-18.0,1216,18336.067326,2025241
-20.0,1149,18346.369634,2026390
-19.0,1001,18355.39689,2027391
-21.0,831,18362.884274,2028222
-21.0,1021,18372.171767,2029243
-20.0,837,18379.743461,2030080
-20.0,1189,18390.373376,2031269
-19.0,1076,18400.054918,2032345
-21.0,848,18407.65367,2033193
-20.0,1000,18416.534752,2034193
-18.0,1195,18427.406904,2035388
-21.0,903,18435.600442,2036291
-20.0,868,18443.468178,2037159
-21.0,907,18451.690613,2038066
-19.0,1239,18462.983795,2039305
-19.0,993,18471.982594,2040298
-19.0,1053,18481.447158,2041351
-20.0,1112,18491.59613,2042463
-21.0,883,18499.632432,2043346
-20.0,1189,18510.390403,2044535
-21.0,1004,18519.381048,2045539
-19.0,1072,18529.168974,2046611
-21.0,818,18536.546057,2047429
-21.0,910,18544.787323,2048339
-21.0,841,18552.388515,2049180
-21.0,969,18561.175684,2050149
-21.0,786,18568.269816,2050935
-19.0,974,18577.100611,2051909
-21.0,878,18585.107418,2052787
-18.0,1085,18594.921396,2053872
-20.0,948,18603.574978,2054820
-20.0,898,18611.73856,2055718
-20.0,1141,18622.078461,2056859
-19.0,1030,18631.487493,2057889
-20.0,856,18639.209588,2058745
-19.0,980,18648.055777,2059725
-21.0,819,18655.439714,2060544
-19.0,994,18664.434924,2061538
-20.0,835,18672.036276,2062373
-21.0,920,18680.412386,2063293
-19.0,1233,18691.640279,2064526
-19.0,1120,18701.825154,2065646
-19.0,1020,18711.088162,2066666
-21.0,954,18719.902997,2067620
-20.0,1226,18730.970304,2068846
-20.0,900,18739.132802,2069746
-20.0,1037,18748.623429,2070783
-20.0,916,18756.90135,2071699
-20.0,1084,18766.627924,2072783
-20.0,944,18775.237772,2073727
-21.0,1237,18786.632195,2074964
-21.0,824,18794.155034,2075788
-21.0,846,18801.826197,2076634
-21.0,999,18810.89561,2077633
-21.0,938,18819.501557,2078571
-20.0,1208,18830.508087,2079779
-20.0,835,18838.028862,2080614
-16.0,1363,18850.492161,2081977
-20.0,1008,18859.663886,2082985
-19.0,1170,18870.361482,2084155
-20.0,923,18878.763114,2085078
-21.0,880,18886.728286,2085958
-20.0,1054,18896.282025,2087012
-20.0,917,18904.591488,2087929
-20.0,1025,18913.928587,2088954
-21.0,911,18922.171766,2089865
-18.0,1267,18933.641697,2091132
-19.0,1045,18943.049267,2092177
-19.0,974,18951.864226,2093151
-20.0,986,18960.877207,2094137
-19.0,1182,18971.610868,2095319
-21.0,874,18979.609431,2096193
-20.0,1089,18989.671606,2097282
-21.0,886,18997.724402,2098168
-20.0,1054,19007.316359,2099222
-18.0,1092,19017.22794,2100314
-21.0,870,19025.127062,2101184
-21.0,870,19033.057607,2102054
-19.0,996,19042.143956,2103050
-19.0,1116,19052.330379,2104166
-18.0,1245,19063.875286,2105411
-21.0,1033,19073.256979,2106444
-20.0,1080,19083.151655,2107524
-19.0,1112,19093.244271,2108636
-19.0,1099,19103.299563,2109735
-19.0,1033,19112.705285,2110768
-20.0,931,19121.086397,2111699
-18.0,1256,19132.52319,2112955
-20.0,1010,19141.784604,2113965
-18.0,1130,19152.005313,2115095
-19.0,1021,19161.324655,2116116
-17.0,1227,19172.465188,2117343
-18.0,1270,19184.028297,2118613
-20.0,986,19193.019417,2119599
-20.0,964,19201.779046,2120563
-20.0,914,19210.107295,2121477
-20.0,867,19217.926084,2122344
-19.0,1111,19227.966429,2123455
-21.0,836,19235.601199,2124291
-20.0,1074,19245.350994,2125365
-19.0,1182,19256.061732,2126547
-19.0,1055,19265.639972,2127602
-19.0,1098,19275.622415,2128700
-20.0,1101,19285.563082,2129801
-19.0,1226,19296.730158,2131027
-19.0,1261,19308.084905,2132288
-17.0,1484,19321.414531,2133772
-19.0,1173,19332.005387,2134945
-20.0,1159,19341.862107,2136104
-20.0,1055,19351.242998,2137159
-19.0,1097,19361.040569,2138256
-18.0,1695,19376.358475,2139951
-19.0,1246,19387.771909,2141197
-19.0,1399,19400.367138,2142596
-20.0,1309,19412.203326,2143905
-21.0,1031,19421.551323,2144936
-18.0,1291,19433.373913,2146227
-17.0,1284,19445.010797,2147511
-20.0,955,19453.788479,2148466
-20.0,1064,19463.378611,2149530
-21.0,1001,19472.575473,2150531
-18.0,1363,19484.979814,2151894
-21.0,1242,19496.156851,2153136
-19.0,1163,19506.700639,2154299
-21.0,932,19515.168126,2155231
-21.0,1172,19525.813384,2156403
-21.0,904,19534.052276,2157307
-20.0,1201,19545.075322,2158508
-20.0,1055,19554.677961,2159563
-20.0,1040,19564.128204,2160603
-19.0,1068,19573.803165,2161671
-19.0,1171,19584.413346,2162842
-17.0,1302,19596.269691,2164144
-21.0,1119,19606.467839,2165263
-20.0,1362,19618.793322,2166625
-15.0,1739,19634.488909,2168364
-18.0,1407,19647.252627,2169771
-20.0,1153,19657.767165,2170924
-20.0,1269,19669.296725,2172193
-20.0,1134,19679.680634,2173327
-21.0,996,19688.753001,2174323
-19.0,1345,19701.248042,2175668
-21.0,944,19709.823993,2176612
-21.0,972,19718.629849,2177584
-19.0,1386,19731.263576,2178970
-20.0,972,19740.058368,2179942
-21.0,819,19747.45151,2180761
-21.0,969,19756.448268,2181730
-20.0,1071,19766.143265,2182801
-19.0,1183,19776.958111,2183984
-18.0,1434,19789.896889,2185418
-18.0,1552,19803.986594,2186970
-19.0,1221,19815.13464,2188191
-21.0,982,19823.902931,2189173
-20.0,1407,19836.622677,2190580
-21.0,1109,19846.706939,2191689
-19.0,1818,19863.115473,2193507
-20.0,1529,19876.967507,2195036
-19.0,1155,19887.396745,2196191
-21.0,966,19896.160601,2197157
-19.0,1318,19908.1788,2198475
-18.0,1395,19920.838848,2199870
-20.0,1198,19931.630753,2201068
-21.0,1495,19945.096398,2202563
-19.0,1312,19956.991681,2203875
-20.0,1166,19967.807824,2205041
-17.0,1598,19982.335758,2206639
-19.0,1564,19996.43117,2208203
-18.0,1512,20009.903828,2209715
-18.0,1559,20023.896698,2211274
-18.0,1811,20040.396594,2213085
-18.0,1337,20052.529179,2214422
-20.0,1553,20066.647613,2215975
-21.0,1113,20076.852762,2217088
-19.0,1459,20090.116657,2218547
-19.0,1377,20102.665791,2219924
-18.0,1216,20113.709045,2221140
-20.0,1320,20125.668977,2222460
-17.0,1384,20138.26172,2223844
-19.0,1249,20149.504429,2225093
-20.0,1021,20158.695798,2226114
-15.0,1782,20174.867468,2227896
-21.0,1350,20187.119493,2229246
-17.0,1608,20201.800427,2230854
-21.0,826,20209.305465,2231680
-19.0,1616,20224.065325,2233296
-18.0,1480,20237.63937,2234776
-16.0,1593,20251.998765,2236369
-18.0,1676,20267.329668,2238045
-19.0,1560,20281.42349,2239605
-18.0,1484,20294.822999,2241089
-20.0,1099,20304.775136,2242188
-17.0,1947,20322.533826,2244135
-17.0,1654,20337.5397,2245789
-16.0,1857,20354.437675,2247646
-16.0,1792,20370.728441,2249438
-17.0,1510,20384.3845,2250948
-21.0,1378,20396.889846,2252326
-16.0,1822,20413.595826,2254148
-15.0,1711,20429.110383,2255859
-19.0,1111,20439.173495,2256970
-19.0,1625,20453.93179,2258595
-17.0,1360,20466.229454,2259955
-20.0,1560,20480.468157,2261515
-16.0,1851,20497.25161,2263366
-17.0,1395,20509.997795,2264761
-19.0,1271,20521.529774,2266032
-17.0,1691,20536.856524,2267723
-16.0,1738,20552.584158,2269461
-19.0,1498,20566.208281,2270959
-18.0,1535,20580.28521,2272494
-19.0,1438,20593.408175,2273932
-19.0,1279,20605.143773,2275211
-16.0,1304,20617.043012,2276515
-21.0,1357,20629.347089,2277872
-20.0,1322,20641.366785,2279194
-21.0,1128,20651.568717,2280322
-20.0,1764,20667.636044,2282086
-18.0,1502,20681.327411,2283588
-17.0,1912,20698.798441,2285500
-16.0,1842,20715.551043,2287342
-19.0,1406,20728.307747,2288748
-18.0,1127,20738.582385,2289875
-19.0,1415,20751.437394,2291290
-20.0,1219,20762.607394,2292509
-17.0,2077,20781.470097,2294586
-20.0,881,20789.512316,2295467
-19.0,1315,20801.449208,2296782
-20.0,1189,20812.280514,2297971
-21.0,992,20821.366572,2298963
-15.0,1916,20838.772728,2300879
-17.0,1492,20852.35269,2302371
-19.0,1315,20864.265697,2303686
-20.0,1352,20876.833296,2305038
-18.0,1768,20892.928997,2306806
-20.0,1284,20904.539086,2308090
-18.0,1845,20921.276259,2309935
-17.0,1768,20937.549097,2311703
-20.0,1611,20952.271656,2313314
-19.0,1209,20963.265788,2314523
-19.0,1618,20977.890491,2316141
-14.0,1792,20994.129932,2317933
-16.0,1697,21009.464048,2319630
-16.0,1909,21026.881059,2321539
-19.0,1528,21040.802705,2323067
-18.0,1352,21053.086249,2324419
-17.0,1480,21066.535266,2325899
-16.0,1625,21081.169007,2327524
-13.0,2056,21099.874736,2329580
-21.0,1288,21111.597831,2330868
-16.0,1749,21127.573756,2332617
-17.0,1776,21143.882065,2334393
-15.0,1933,21161.524849,2336326
-13.0,2132,21180.933965,2338458
-17.0,1849,21197.872807,2340307
-16.0,1732,21213.564268,2342039
-19.0,1699,21229.130837,2343738
-19.0,1097,21239.225933,2344835
-14.0,1971,21257.286778,2346806
-14.0,1915,21274.741046,2348721
-18.0,1863,21291.784318,2350584
-16.0,1461,21305.200777,2352045
-16.0,1799,21321.641502,2353844
-15.0,1907,21338.970823,2355751
-20.0,1336,21351.18961,2357087
-16.0,1743,21366.992563,2358830
-16.0,1557,21381.092386,2360387
-14.0,1834,21397.714383,2362221
-20.0,1508,21411.404226,2363729
-20.0,1059,21420.933015,2364788
-18.0,1610,21435.617542,2366398
-19.0,1345,21447.911767,2367743
-20.0,1250,21459.327366,2368993
-12.0,2185,21478.897552,2371178
-13.0,2182,21498.678096,2373360
-13.0,1968,21516.389376,2375328
-14.0,1855,21533.222221,2377183
-16.0,1810,21549.480283,2378993
-19.0,1265,21560.95461,2380258
-17.0,1900,21578.058689,2382158
-16.0,2119,21597.129776,2384277
-14.0,1946,21614.592252,2386223
-17.0,1552,21628.752862,2387775
-16.0,1906,21646.093952,2389681
-17.0,1537,21660.105125,2391218
-18.0,1742,21675.967191,2392960
-14.0,1988,21694.30265,2394948
-18.0,1505,21707.996143,2396453
-17.0,1614,21722.823285,2398067
-16.0,1898,21740.153952,2399965
-15.0,1905,21757.48221,2401870
-18.0,2076,21776.418495,2403946
-15.0,1918,21794.21043,2405864
-21.0,1139,21804.555997,2407003
-17.0,1514,21818.193666,2408517
-20.0,1598,21832.713663,2410115
-15.0,1972,21850.72775,2412087
-18.0,1719,21866.405332,2413806
-19.0,2080,21885.429352,2415886
-17.0,1590,21899.905599,2417476
-14.0,1887,21917.07514,2419363
-18.0,1856,21934.047875,2421219
-19.0,1889,21951.283582,2423108
-21.0,1154,21961.8982,2424262
-15.0,1857,21978.741452,2426119
-16.0,1777,21994.910993,2427896
-16.0,1926,22012.362514,2429822
-16.0,1960,22030.124965,2431782
-18.0,1685,22045.402989,2433467
-17.0,1436,22058.448245,2434903
-17.0,1489,22071.936858,2436392
-11.0,2204,22092.147499,2438596
-17.0,1580,22106.562636,2440176
-15.0,1833,22123.19689,2442009
-16.0,1711,22138.70409,2443720
-12.0,2312,22159.770396,2446032
-16.0,1840,22176.538139,2447872
-13.0,2205,22196.714989,2450077
-18.0,1912,22214.1177,2451989
-19.0,1246,22225.416957,2453235
-16.0,1586,22239.76808,2454821
-11.0,2540,22262.881299,2457361
-18.0,2020,22281.272433,2459381
-20.0,1178,22291.920141,2460559
-19.0,1758,22307.91243,2462317
-14.0,2110,22327.166992,2464427
-16.0,1654,22342.229852,2466081
-18.0,1697,22357.694466,2467778
-19.0,1388,22370.266024,2469166
-18.0,1642,22385.226341,2470808
-19.0,1294,22397.052288,2472102
-18.0,1690,22412.499916,2473792
-18.0,1380,22425.019931,2475172
-18.0,1493,22438.607311,2476665
-17.0,1630,22453.493161,2478295
-17.0,1575,22467.895876,2479870
-16.0,1705,22483.354765,2481575
-16.0,1689,22498.826108,2483264
-16.0,2204,22518.861665,2485468
-17.0,1723,22534.61625,2487191
-19.0,1625,22549.345115,2488816
-16.0,2085,22568.239224,2490901
-16.0,2171,22588.063722,2493072
-18.0,1413,22600.822776,2494485
-13.0,1819,22617.53239,2496304
-20.0,1320,22629.608498,2497624
-19.0,1464,22642.917101,2499088
-17.0,1530,22656.821838,2500618
-14.0,2122,22676.142137,2502740
-11.0,2172,22696.137091,2504912
-18.0,1736,22712.159738,2506648
-18.0,1913,22729.485518,2508561
-14.0,2017,22747.929678,2510578
-15.0,2240,22768.328407,2512818
-12.0,2374,22789.694799,2515192
-17.0,1834,22806.298065,2517026
-16.0,1871,22823.221106,2518897
-19.0,1778,22839.365703,2520675
-16.0,1780,22855.543225,2522455
-16.0,2052,22874.147666,2524507
-17.0,2058,22892.824893,2526565
-18.0,1312,22904.741768,2527877
-19.0,1625,22919.389802,2529502
-18.0,1656,22934.3362,2531158
-16.0,1656,22949.207048,2532814
-19.0,1897,22966.246982,2534711
-18.0,1425,22979.176957,2536136
-17.0,1850,22995.789505,2537986
-12.0,2374,23017.18036,2540360
-17.0,1587,23031.633926,2541947
-15.0,2355,23053.139749,2544302
-15.0,2266,23073.62972,2546568
-17.0,1998,23091.90891,2548566
-13.0,2425,23114.056668,2550991
-12.0,2357,23135.39116,2553348
-14.0,2285,23156.006401,2555633
-15.0,2009,23174.288285,2557642
-17.0,1870,23191.177366,2559512
-15.0,1905,23208.376126,2561417
-18.0,1838,23225.029292,2563255
-15.0,1860,23241.841587,2565115
-16.0,1694,23257.129014,2566809
-12.0,2068,23275.858986,2568877
-16.0,2156,23295.779085,2571033
-14.0,2108,23314.875333,2573141
-17.0,1847,23331.57618,2574988
-10.0,2556,23354.928278,2577544
-19.0,1341,23367.050548,2578885
-13.0,2026,23385.438115,2580911
-17.0,2140,23404.853033,2583051
-15.0,1843,23421.522721,2584894
-17.0,1690,23436.865183,2586584
-17.0,1586,23451.20516,2588170
-19.0,1760,23467.273331,2589930
-17.0,2203,23487.392223,2592133
-17.0,1632,23502.288757,2593765
-20.0,1469,23515.627186,2595234
-14.0,1760,23531.769499,2596994
-18.0,1510,23545.522035,2598504
-18.0,1620,23560.219112,2600124
-16.0,1818,23576.860441,2601942
-18.0,1591,23591.273961,2603533
-19.0,1448,23604.537946,2604981
-16.0,1871,23621.971714,2606852
-17.0,1916,23639.52105,2608768
-16.0,1880,23656.680242,2610648
-17.0,1789,23672.992502,2612437
-19.0,1515,23686.691853,2613952
-16.0,2054,23705.336246,2616006
-18.0,1493,23718.871271,2617499
-13.0,2192,23738.79331,2619691
-12.0,2305,23759.75737,2621996
-14.0,1903,23776.953009,2623899
-15.0,2208,23796.999865,2626107
-15.0,1750,23812.995978,2627857
-19.0,2070,23831.689521,2629927
-18.0,2029,23850.082241,2631956
-16.0,2454,23872.385969,2634410
-15.0,2188,23892.378118,2636598
-13.0,2410,23914.288945,2639008
-16.0,2084,23933.347039,2641092
-18.0,1567,23947.668266,2642659
-17.0,1910,23965.008114,2644569
-18.0,1550,23979.087723,2646119
-16.0,2064,23997.905606,2648183
-15.0,1991,24016.071956,2650174
-12.0,2448,24038.303548,2652622
-19.0,1690,24053.686265,2654312
-18.0,2046,24072.455638,2656358
-18.0,1630,24087.190375,2657988
-18.0,1823,24103.828433,2659811
-16.0,1950,24121.518252,2661761
-14.0,2318,24142.761154,2664079
-15.0,2282,24163.606275,2666361
-16.0,2057,24182.309442,2668418
-18.0,1526,24196.146254,2669944
-18.0,2127,24215.521501,2672071
-12.0,2470,24238.080063,2674541
-13.0,2032,24256.507437,2676573
-19.0,1299,24268.378812,2677872
-16.0,1658,24283.518312,2679530
-20.0,920,24291.900334,2680450
-19.0,996,24301.035935,2681446
-21.0,822,24308.568979,2682268
-15.0,1639,24323.556964,2683907
-20.0,1366,24336.015534,2685273
-16.0,1566,24350.261294,2686839
-19.0,1507,24363.938972,2688346
-17.0,1853,24380.657916,2690199
-15.0,2289,24401.427505,2692488
-18.0,1767,24417.449656,2694255
-13.0,2261,24437.931294,2696516
-15.0,2149,24457.381013,2698665
-16.0,1976,24475.309793,2700641
-17.0,1872,24492.348977,2702513
-13.0,2606,24516.077532,2705119
-15.0,1994,24534.376119,2707113
-19.0,1664,24549.572118,2708777
-11.0,2167,24569.112301,2710944
-18.0,1511,24582.844961,2712455
-15.0,2398,24604.603077,2714853
-20.0,1147,24614.890718,2716000
-18.0,1728,24630.474677,2717728
-17.0,1520,24644.205008,2719248
-14.0,2073,24663.179589,2721321
-16.0,1832,24679.76867,2723153
-17.0,1817,24696.212574,2724970
-16.0,2026,24714.561309,2726996
-15.0,1786,24730.690905,2728782
-16.0,2054,24749.311416,2730836
-18.0,1532,24763.299516,2732368
-20.0,1562,24777.457019,2733930
-20.0,1065,24787.194413,2734995
-19.0,1577,24801.594071,2736572
-17.0,1594,24815.959269,2738166
-16.0,1730,24831.754786,2739896
-19.0,1684,24846.983618,2741580
-15.0,2125,24866.174458,2743705
-13.0,2362,24887.625734,2746067
-21.0,870,24895.510886,2746937
-14.0,1692,24910.879076,2748629
-14.0,2141,24930.339364,2750770
-17.0,1721,24945.922689,2752491
-12.0,2338,24967.356302,2754829
