#{"t_start": 1525431081.035775, "env_id": "BowlingNoFrameskip-v4"}
r,l,t
23.0,2107,12.783489
19.0,2116,22.679981
23.0,2107,32.51827
32.0,2117,42.514843
30.0,2127,52.383834
24.0,2115,62.158039
13.0,2089,71.880571
16.0,2111,81.69356
22.0,2107,91.561952
22.0,2096,101.413855
21.0,2123,111.431726
28.0,2119,121.427263
28.0,2112,131.373488
30.0,2117,141.343326
23.0,2099,151.217369
31.0,2123,161.303863
22.0,2102,171.265161
25.0,2123,181.218129
17.0,2108,191.042592
10.0,2067,200.692112
34.0,2126,210.610295
24.0,2104,220.354836
32.0,2135,230.245576
23.0,2098,239.914557
27.0,2104,249.749724
27.0,2106,259.435403
28.0,2122,269.423589
25.0,2135,279.392447
52.0,2002,288.698505
24.0,2098,298.565026
25.0,2114,308.582591
18.0,2105,318.466877
21.0,2108,328.474084
21.0,2092,338.283202
24.0,2094,348.139573
17.0,2105,357.953946
28.0,2105,367.772773
22.0,2120,377.748821
27.0,2116,387.54361
31.0,2124,397.551553
22.0,2110,407.399363
28.0,2129,417.374012
15.0,2083,427.151412
27.0,2116,437.114711
14.0,2053,446.743614
30.0,2126,456.682022
22.0,2110,466.59987
25.0,2108,476.532604
36.0,2149,486.598694
25.0,2109,496.581466
25.0,2107,506.591624
25.0,2116,516.578654
20.0,2122,526.536179
27.0,2126,536.443982
25.0,2121,546.402817
31.0,2121,556.443201
21.0,2088,566.054112
33.0,2111,575.997619
27.0,2127,585.891544
23.0,2102,595.673765
24.0,2097,605.474206
25.0,2118,615.314463
32.0,2129,625.34878
25.0,2107,635.253923
24.0,2106,645.180032
25.0,2079,654.976305
17.0,2110,664.875038
33.0,2095,674.710799
19.0,2106,684.699862
31.0,2125,694.730453
22.0,2100,704.542283
29.0,2132,714.495597
16.0,2101,724.278357
24.0,2102,734.158959
39.0,2127,744.078873
21.0,2098,753.872716
19.0,2097,763.615576
22.0,2095,773.367667
21.0,2115,783.15536
28.0,2109,792.911823
21.0,2117,802.71178
24.0,2090,812.390873
27.0,2121,822.354852
18.0,2097,832.172873
27.0,2119,842.236812
19.0,2112,852.241129
28.0,2113,862.220417
24.0,2125,872.18152
28.0,2110,882.1085
19.0,2084,891.863982
30.0,2141,901.863446
22.0,2087,911.505162
22.0,2108,921.261304
16.0,2076,930.804286
36.0,2110,940.777647
27.0,2113,950.762767
31.0,2130,960.574538
34.0,2135,970.505704
39.0,2134,980.559169
21.0,2126,990.516855
29.0,2126,1000.363153
25.0,2108,1010.358806
29.0,2109,1020.248935
27.0,2119,1030.198059
25.0,2149,1040.310091
27.0,2120,1050.387903
30.0,2105,1060.383568
30.0,2118,1070.256654
18.0,2113,1080.135717
22.0,2120,1090.021207
24.0,2105,1099.833009
30.0,2126,1109.786173
23.0,2144,1119.81235
19.0,2094,1129.651993
27.0,2123,1139.628525
15.0,2094,1149.451336
22.0,2108,1159.357282
17.0,2093,1169.165241
21.0,2121,1179.055066
24.0,2116,1188.935954
35.0,2137,1198.945163
22.0,2111,1208.793519
27.0,2134,1218.7923
17.0,2099,1228.600776
24.0,2115,1238.443082
24.0,2114,1248.259041
22.0,2106,1258.069249
30.0,2110,1267.82027
22.0,2109,1277.577185
31.0,2138,1287.589322
21.0,2096,1297.438092
27.0,2102,1307.266245
28.0,2136,1317.221652
25.0,2126,1327.1908
25.0,2111,1337.215872
28.0,2119,1347.159745
25.0,2106,1357.158268
31.0,2108,1367.164482
28.0,2108,1377.061478
18.0,2128,1386.939883
24.0,2117,1396.809251
27.0,2139,1406.886604
24.0,2109,1416.717085
22.0,2115,1426.54361
18.0,2096,1436.224491
33.0,2150,1446.231115
20.0,2115,1456.031086
15.0,2116,1465.972515
25.0,2123,1475.910305
36.0,2146,1485.939357
17.0,2102,1495.782914
30.0,2131,1505.76897
36.0,2114,1515.624853
27.0,2122,1525.515289
29.0,2103,1535.392834
16.0,2100,1545.30511
32.0,2120,1555.131227
21.0,2102,1564.926096
21.0,2112,1574.892401
31.0,2121,1584.768963
18.0,2080,1594.542531
16.0,2078,1604.18448
21.0,2089,1613.773745
22.0,2108,1623.60784
36.0,2122,1633.490296
27.0,2135,1643.458403
30.0,2147,1653.428547
17.0,2114,1663.244271
19.0,2089,1673.063293
19.0,2093,1682.83336
17.0,2129,1692.754959
22.0,2096,1702.604466
20.0,1969,1712.011971
30.0,2141,1721.993844
25.0,2098,1731.971272
37.0,2139,1741.96093
31.0,2119,1751.846585
28.0,2127,1761.719962
17.0,2097,1771.524446
30.0,2132,1781.496897
18.0,2147,1791.433558
31.0,2131,1801.383199
24.0,2100,1811.129499
18.0,2103,1820.870806
30.0,2108,1830.790059
32.0,2138,1840.754101
24.0,2114,1850.6146
17.0,2106,1860.507114
23.0,2096,1870.470299
18.0,2102,1880.429649
30.0,2134,1890.503499
20.0,2106,1900.449768
22.0,2113,1910.321147
33.0,2110,1920.218732
28.0,2090,1930.025749
25.0,2131,1939.904011
23.0,2132,1949.873255
24.0,2117,1959.732284
31.0,2098,1969.577728
16.0,2100,1979.316033
17.0,2099,1989.03485
22.0,2134,1998.879356
31.0,2129,2008.862658
25.0,2119,2019.066299
18.0,2077,2028.702556
28.0,2136,2038.694266
30.0,2128,2048.837833
22.0,2119,2058.807006
20.0,2122,2068.698225
30.0,2156,2078.7337
25.0,2125,2088.63234
19.0,2130,2098.57167
28.0,2114,2108.451252
30.0,2111,2118.348644
25.0,2132,2128.306356
28.0,2114,2138.092801
20.0,2116,2147.945974
20.0,2117,2157.702015
30.0,2104,2167.339434
26.0,2129,2177.272304
18.0,2096,2187.127614
29.0,2139,2197.115385
28.0,2117,2206.981462
28.0,2129,2216.923657
24.0,2105,2226.80237
12.0,2101,2236.69739
27.0,2094,2246.550659
27.0,2113,2256.385924
19.0,2090,2266.103072
18.0,2109,2275.939337
20.0,2111,2285.814754
22.0,2094,2295.591805
17.0,2097,2305.297042
28.0,2118,2315.27836
28.0,2100,2325.139059
35.0,2123,2335.011014
24.0,2091,2344.820266
27.0,2144,2354.838541
36.0,2121,2364.757933
25.0,2122,2374.788908
22.0,2116,2384.65708
24.0,2142,2394.735957
24.0,2111,2404.684075
21.0,2103,2414.527513
13.0,2091,2424.440158
21.0,2114,2434.354101
22.0,2122,2444.250871
34.0,2111,2454.212285
30.0,2099,2464.048854
23.0,2126,2473.934977
37.0,2147,2484.011454
27.0,2105,2493.953629
25.0,2127,2503.824088
34.0,2134,2513.783893
24.0,2120,2523.752788
29.0,2110,2533.643531
27.0,2101,2543.588188
26.0,2145,2553.809368
29.0,2121,2563.782892
36.0,2125,2573.791274
23.0,2125,2583.795005
25.0,2114,2593.676082
28.0,2099,2603.476175
30.0,2126,2613.382597
18.0,2139,2623.353804
33.0,2126,2633.240005
19.0,2107,2643.011761
25.0,2129,2652.95687
21.0,2141,2663.039959
19.0,2113,2672.890264
24.0,2118,2682.736207
33.0,2121,2692.616205
28.0,2101,2702.392908
19.0,2127,2712.355188
28.0,2146,2722.48369
27.0,2134,2732.463963
26.0,2155,2742.48648
25.0,2102,2752.412124
23.0,2146,2762.418503
22.0,2119,2772.373599
30.0,2141,2782.364588
28.0,2112,2792.269769
28.0,2109,2802.182179
27.0,2111,2812.120099
33.0,2125,2822.103089
25.0,2116,2831.944127
18.0,2117,2841.944629
30.0,2115,2851.816207
30.0,2142,2861.909344
25.0,2126,2871.983142
28.0,2138,2881.974677
22.0,2092,2891.779272
31.0,2137,2901.847463
26.0,2135,2911.944609
20.0,2107,2921.711576
22.0,2103,2931.490725
25.0,2148,2941.503476
30.0,2156,2951.508406
17.0,2111,2961.41884
27.0,2134,2971.481499
27.0,2118,2981.194027
27.0,2133,2991.163945
31.0,2106,3001.057201
27.0,2135,3011.066161
25.0,2114,3020.965141
27.0,2130,3031.047647
28.0,2152,3041.107848
27.0,2100,3051.058098
31.0,2122,3061.022728
30.0,2156,3071.129172
33.0,2117,3081.028848
30.0,2135,3091.070446
20.0,2113,3100.897697
31.0,2147,3110.84794
29.0,2135,3120.837328
33.0,2149,3130.892332
30.0,2126,3140.79647
30.0,2133,3150.680641
31.0,2138,3160.690059
25.0,2130,3170.599012
22.0,2124,3180.47202
33.0,2136,3190.369521
30.0,2158,3200.560831
34.0,2125,3210.585208
28.0,2141,3220.648984
30.0,2143,3230.682876
30.0,2164,3240.82832
25.0,2134,3250.794204
28.0,2115,3260.738297
30.0,2139,3270.729096
30.0,2114,3280.575431
20.0,2122,3290.396311
29.0,2157,3300.566559
27.0,2106,3310.40185
33.0,2135,3320.438832
27.0,2151,3330.52493
30.0,2172,3340.626197
23.0,2116,3350.522175
27.0,2125,3360.446231
25.0,2144,3370.50231
23.0,2137,3380.487771
26.0,2145,3390.445961
30.0,2133,3400.321502
28.0,2144,3410.30107
27.0,2126,3420.226564
20.0,2151,3430.272619
30.0,2146,3440.425214
28.0,2150,3450.498715
28.0,2152,3460.469993
33.0,2143,3470.562464
28.0,2137,3480.585967
24.0,2111,3490.583289
31.0,2161,3500.910844
25.0,2130,3511.283511
26.0,2137,3521.75828
30.0,2176,3532.398775
25.0,2125,3542.577919
27.0,2150,3552.953022
36.0,2129,3563.22412
28.0,2132,3573.521083
33.0,2130,3583.889509
28.0,2169,3594.274348
31.0,2157,3604.599606
20.0,2141,3614.890742
31.0,2134,3625.008686
28.0,2149,3635.3634
33.0,2133,3645.562141
25.0,2133,3655.810378
28.0,2138,3666.098906
28.0,2145,3676.541627
28.0,2140,3686.880956
23.0,2153,3697.203423
22.0,2100,3707.337842
23.0,2137,3717.564046
28.0,2121,3727.777265
25.0,2125,3738.038291
23.0,2121,3748.26527
33.0,2122,3758.039095
29.0,2152,3768.246196
27.0,2112,3778.323879
26.0,2158,3788.762984
28.0,2136,3799.16215
27.0,2156,3809.703469
33.0,2125,3819.967467
22.0,2134,3830.261099
21.0,2146,3840.619517
25.0,2133,3850.737959
28.0,2134,3861.034064
23.0,2125,3871.400399
28.0,2149,3881.773909
31.0,2169,3892.096138
33.0,2162,3902.519131
25.0,2134,3912.643219
29.0,2130,3922.858271
33.0,2153,3933.223465
33.0,2152,3943.665197
33.0,2143,3953.909565
34.0,2180,3964.298262
28.0,2163,3974.720318
30.0,2145,3984.999081
25.0,2132,3995.262326
30.0,2144,4005.57164
31.0,2155,4015.916901
30.0,2125,4025.954493
33.0,2177,4036.349952
30.0,2148,4046.652585
30.0,2140,4056.795657
26.0,2128,4067.00312
30.0,2141,4077.14415
28.0,2140,4087.462164
31.0,2168,4097.909229
22.0,2093,4107.939735
30.0,2136,4118.225183
36.0,2163,4128.591697
33.0,2150,4138.85773
34.0,2158,4149.188135
30.0,2138,4159.378823
26.0,2139,4169.636276
28.0,2172,4180.063783
22.0,2174,4190.407105
31.0,2135,4200.526038
30.0,2154,4210.810886
33.0,2106,4220.757923
33.0,2174,4231.128307
26.0,2139,4241.447062
27.0,2132,4251.68744
30.0,2173,4262.118564
25.0,2140,4272.294503
33.0,2134,4282.528362
25.0,2108,4292.700574
27.0,2110,4302.868532
26.0,2142,4313.053285
30.0,2159,4323.221333
23.0,2125,4333.285893
24.0,2132,4343.542696
33.0,2103,4353.470749
34.0,2136,4363.722539
31.0,2162,4374.066826
27.0,2125,4384.300228
25.0,2130,4394.536892
30.0,2130,4404.738114
26.0,2129,4414.877976
34.0,2135,4424.967236
28.0,2152,4435.215732
28.0,2166,4445.495189
25.0,2134,4455.601212
24.0,2149,4465.60625
24.0,2154,4475.833737
27.0,2134,4485.979503
30.0,2134,4496.177096
28.0,2125,4506.331025
34.0,2161,4516.590348
22.0,2124,4526.809323
28.0,2125,4536.669643
27.0,2126,4546.620156
33.0,2160,4556.575558
23.0,2134,4566.523907
33.0,2157,4576.409145
36.0,2162,4586.385125
33.0,2163,4596.404004
30.0,2144,4606.177294
33.0,2134,4615.96465
30.0,2144,4625.996677
22.0,2146,4635.843727
36.0,2136,4645.712915
33.0,2161,4655.617873
31.0,2174,4665.638131
36.0,2124,4675.435929
33.0,2162,4685.435407
25.0,2148,4695.405707
30.0,2139,4705.369592
33.0,2143,4715.311572
30.0,2127,4725.103925
30.0,2144,4734.905248
30.0,2192,4744.986262
39.0,2163,4754.948379
31.0,2132,4764.76803
30.0,2175,4774.92721
29.0,2118,4784.790001
26.0,2147,4794.677562
29.0,2147,4804.615273
26.0,2141,4814.416189
26.0,2158,4824.338938
27.0,2128,4834.172155
28.0,2150,4844.171032
30.0,2122,4853.9685
30.0,2138,4863.972226
26.0,2131,4873.87763
32.0,2157,4883.972143
27.0,2161,4893.929182
25.0,2141,4903.712803
31.0,2159,4913.727325
27.0,2141,4923.621415
34.0,2155,4933.545668
31.0,2140,4943.453233
29.0,2127,4953.434824
33.0,2142,4963.330168
23.0,2136,4973.229933
22.0,2145,4983.196932
28.0,2145,4993.147367
24.0,2153,5003.024733
28.0,2173,5013.193528
32.0,2149,5023.161143
33.0,2161,5033.144847
27.0,2121,5042.971976
33.0,2150,5052.936541
26.0,2138,5062.806833
27.0,2117,5072.657294
28.0,2131,5082.39935
33.0,2158,5092.286757
26.0,2155,5102.217161
30.0,2144,5112.148169
33.0,2150,5122.109612
31.0,2135,5131.959567
28.0,2151,5141.835143
30.0,2103,5151.569166
25.0,2110,5161.356186
34.0,2122,5171.098286
30.0,2140,5180.996653
26.0,2135,5190.899935
25.0,2124,5200.710216
33.0,2141,5210.577976
28.0,2151,5220.473164
33.0,2136,5230.398885
25.0,2140,5240.217826
30.0,2161,5250.228921
31.0,2156,5260.1974
30.0,2146,5270.155478
33.0,2152,5280.040463
33.0,2169,5289.972927
31.0,2154,5299.925374
30.0,2172,5310.055144
28.0,2133,5319.925411
37.0,2156,5329.956327
30.0,2156,5339.971045
30.0,2177,5350.081588
28.0,2153,5360.022048
30.0,2152,5370.062647
28.0,2129,5379.963513
30.0,2139,5389.874185
30.0,2162,5399.857841
31.0,2136,5409.782944
28.0,2145,5419.617051
29.0,2153,5429.617793
29.0,2140,5439.504554
33.0,2151,5449.518164
32.0,2156,5459.57647
28.0,2157,5469.660769
28.0,2120,5479.532812
30.0,2161,5489.641875
29.0,2134,5499.465285
30.0,2138,5509.409989
33.0,2128,5519.235209
30.0,2147,5529.200126
38.0,2128,5539.100503
23.0,2125,5548.946875
28.0,2140,5558.91042
28.0,2145,5568.822952
26.0,2145,5578.746114
26.0,2171,5588.767644
30.0,2147,5598.743765
23.0,2129,5608.605212
33.0,2150,5618.84349
30.0,2111,5628.515747
31.0,2130,5638.296243
25.0,2170,5648.374748
26.0,2152,5658.366421
27.0,2126,5668.208979
36.0,2163,5678.142151
30.0,2162,5688.247904
30.0,2157,5698.312768
30.0,2149,5708.32604
31.0,2137,5718.445677
33.0,2138,5728.394965
28.0,2126,5738.34984
33.0,2144,5748.214709
30.0,2155,5758.147421
30.0,2130,5767.826164
33.0,2141,5777.676846
30.0,2130,5787.54369
33.0,2145,5797.489549
30.0,2147,5807.297719
31.0,2123,5816.981405
29.0,2129,5826.715124
30.0,2136,5836.57981
31.0,2165,5846.708978
31.0,2110,5856.368605
33.0,2111,5866.20869
31.0,2152,5876.167887
30.0,2157,5886.242114
36.0,2126,5896.130997
30.0,2138,5905.963033
31.0,2158,5915.94625
34.0,2119,5925.743377
40.0,2141,5935.587614
28.0,2151,5945.470086
33.0,2130,5955.305853
30.0,2141,5965.149325
28.0,2137,5974.948773
33.0,2140,5984.868364
27.0,2140,5994.751593
31.0,2123,6004.652762
31.0,2158,6014.731484
30.0,2142,6024.704003
30.0,2138,6034.607619
30.0,2149,6044.536631
27.0,2138,6054.429215
35.0,2152,6064.29978
33.0,2148,6074.235645
27.0,2124,6084.077894
33.0,2152,6094.039073
30.0,2147,6103.963814
33.0,2148,6113.913761
30.0,2134,6123.648303
26.0,2139,6133.540052
26.0,2160,6143.543241
38.0,2121,6153.42776
31.0,2136,6163.347922
28.0,2130,6173.145806
30.0,2136,6183.002375
33.0,2138,6192.822852
32.0,2162,6202.832591
33.0,2132,6212.729055
30.0,2141,6222.586637
33.0,2153,6232.514354
26.0,2128,6242.432981
34.0,2157,6252.311599
36.0,2135,6262.136118
37.0,2140,6271.989786
27.0,2119,6281.810995
28.0,2137,6291.651387
33.0,2148,6301.634732
33.0,2151,6311.64358
26.0,2145,6321.612277
36.0,2131,6331.486238
30.0,2110,6341.20656
30.0,2146,6351.236138
28.0,2143,6361.145747
28.0,2129,6370.924845
28.0,2137,6380.818519
31.0,2138,6390.651533
31.0,2156,6400.618582
33.0,2129,6410.494324
26.0,2121,6420.272484
37.0,2158,6430.189593
24.0,2166,6440.136919
28.0,2156,6450.048071
33.0,2148,6460.037711
33.0,2152,6469.965862
31.0,2128,6479.738815
22.0,2113,6489.539915
28.0,2102,6499.226001
30.0,2127,6509.138669
26.0,2130,6518.93185
28.0,2134,6528.768395
30.0,2157,6538.718559
30.0,2115,6548.491205
28.0,2124,6558.309848
26.0,2113,6568.153134
26.0,2156,6578.132339
28.0,2159,6588.086468
30.0,2147,6597.974152
31.0,2157,6608.020442
28.0,2152,6617.966974
27.0,2143,6627.872849
30.0,2153,6637.759174
33.0,2159,6647.652773
30.0,2143,6657.469499
28.0,2135,6667.262469
34.0,2135,6677.218709
24.0,2148,6687.088993
28.0,2149,6697.091178
30.0,2153,6707.207237
30.0,2165,6717.216749
36.0,2160,6727.210366
26.0,2171,6737.307627
27.0,2165,6747.320194
28.0,2130,6757.228977
33.0,2169,6767.237834
30.0,2131,6777.125579
28.0,2152,6787.014926
38.0,2134,6796.806534
36.0,2136,6806.645885
24.0,2156,6816.520962
28.0,2141,6826.368743
31.0,2112,6836.047632
28.0,2160,6846.027333
35.0,2135,6855.962406
30.0,2160,6866.014673
29.0,2157,6876.12791
33.0,2143,6886.053807
31.0,2138,6895.954688
29.0,2163,6905.921796
26.0,2131,6915.686148
24.0,2121,6925.559198
27.0,2105,6935.361148
26.0,2169,6945.34027
33.0,2135,6955.257404
31.0,2134,6964.953266
36.0,2158,6974.919146
34.0,2132,6984.723114
33.0,2132,6994.562602
30.0,2126,7004.332455
28.0,2138,7014.159877
29.0,2126,7024.001453
27.0,2166,7033.986009
30.0,2123,7043.83209
30.0,2164,7054.059246
34.0,2157,7064.028175
28.0,2147,7073.907396
28.0,2175,7083.921465
33.0,2139,7093.738703
28.0,2146,7103.568181
28.0,2164,7113.602057
31.0,2144,7123.604327
30.0,2148,7133.444662
26.0,2129,7143.279633
26.0,2159,7153.241462
24.0,2133,7163.111912
28.0,2157,7173.156689
30.0,2154,7183.176858
36.0,2139,7193.180617
30.0,2135,7203.064671
26.0,2126,7212.829255
30.0,2138,7222.691141
33.0,2117,7232.475831
28.0,2160,7242.361869
33.0,2153,7252.323529
31.0,2154,7262.218744
32.0,2145,7272.020544
28.0,2164,7282.010324
31.0,2164,7291.91734
31.0,2120,7301.661999
39.0,2122,7311.456454
28.0,2156,7321.47586
30.0,2108,7331.310856
33.0,2159,7341.293865
31.0,2150,7351.174781
24.0,2136,7361.008102
33.0,2142,7370.954892
24.0,2144,7380.910555
26.0,2147,7390.820098
26.0,2142,7400.76175
29.0,2126,7410.65899
28.0,2123,7420.456107
37.0,2140,7430.353604
26.0,2130,7440.235172
26.0,2124,7450.073185
28.0,2128,7460.08923
28.0,2126,7469.974997
28.0,2148,7479.86777
33.0,2123,7489.68154
31.0,2160,7499.569876
27.0,2109,7509.212074
30.0,2117,7518.88449
30.0,2148,7528.816019
31.0,2140,7538.732294
22.0,2154,7548.817625
37.0,2134,7558.804252
29.0,2144,7568.685638
34.0,2132,7578.475565
30.0,2130,7588.435782
33.0,2149,7598.374714
29.0,2147,7608.276752
33.0,2143,7618.18594
28.0,2128,7627.901366
28.0,2126,7637.700104
29.0,2154,7647.710879
24.0,2146,7657.518513
27.0,2117,7667.32143
31.0,2129,7677.138667
31.0,2121,7686.909692
26.0,2136,7696.705976
33.0,2166,7706.699768
28.0,2136,7716.518095
30.0,2134,7726.427611
30.0,2150,7736.315272
33.0,2141,7746.288724
29.0,2154,7756.190803
33.0,2155,7766.164044
31.0,2129,7775.993867
26.0,2134,7785.989726
27.0,2130,7795.934196
33.0,2161,7805.985603
33.0,2156,7815.963039
31.0,2130,7825.821982
28.0,2146,7835.815146
30.0,2150,7845.60463
29.0,2115,7855.34824
33.0,2142,7865.219648
28.0,2187,7875.297322
30.0,2157,7885.112097
30.0,2138,7894.922275
31.0,2161,7904.822644
36.0,2157,7914.708781
30.0,2165,7924.60656
29.0,2139,7934.388153
27.0,2125,7944.263422
28.0,2152,7954.327335
30.0,2132,7964.166761
28.0,2160,7974.089587
38.0,2156,7983.999503
26.0,2125,7993.781813
24.0,2123,8003.420757
33.0,2144,8013.38274
29.0,2156,8023.247401
28.0,2125,8033.048129
26.0,2148,8042.817789
27.0,2122,8052.618158
33.0,2167,8062.62511
31.0,2150,8072.545585
30.0,2146,8082.360488
30.0,2120,8092.154937
28.0,2153,8102.004156
28.0,2160,8111.985082
30.0,2143,8121.865569
26.0,2159,8131.824991
33.0,2142,8141.743854
25.0,2160,8151.719732
31.0,2136,8161.581667
28.0,2117,8171.401868
32.0,2172,8181.395146
39.0,2142,8191.412015
30.0,2122,8201.280659
25.0,2125,8210.983223
30.0,2154,8220.86359
26.0,2122,8230.517898
23.0,2137,8240.308907
33.0,2136,8250.189419
33.0,2142,8260.156276
28.0,2121,8269.984241
33.0,2140,8279.804291
28.0,2164,8289.775239
30.0,2140,8299.644371
39.0,2146,8309.593841
33.0,2151,8319.576619
28.0,2136,8329.41159
30.0,2172,8339.361954
36.0,2132,8349.191052
36.0,2017,8358.469763
28.0,2154,8368.264428
30.0,2120,8378.008715
28.0,2127,8387.82287
43.0,2167,8397.801114
30.0,2148,8407.662519
28.0,2126,8417.405974
26.0,2124,8427.276131
29.0,2146,8437.224019
33.0,2149,8447.080402
30.0,2109,8456.808177
33.0,2141,8466.677584
28.0,2127,8476.520763
28.0,2163,8486.495169
26.0,2151,8496.465786
33.0,2155,8506.475916
26.0,2105,8516.232108
33.0,2143,8526.134036
29.0,2133,8535.922721
28.0,2141,8545.743213
24.0,2121,8555.401466
25.0,2128,8565.235376
33.0,2151,8575.166247
26.0,2138,8585.055631
36.0,2136,8594.828475
33.0,2121,8604.627054
30.0,2166,8614.631428
28.0,2144,8624.597625
28.0,2154,8634.546765
31.0,2147,8644.546633
26.0,2154,8654.580162
28.0,2114,8664.38607
26.0,2132,8674.224288
30.0,2140,8684.342426
27.0,2118,8694.076725
31.0,2117,8703.800503
24.0,2123,8713.583244
26.0,2140,8723.362513
23.0,2152,8733.171636
26.0,2143,8743.033502
30.0,2162,8752.957364
30.0,2124,8762.645187
33.0,2149,8772.514618
29.0,2124,8782.308687
28.0,2126,8792.065369
27.0,2151,8802.070208
33.0,2159,8811.986209
33.0,2149,8821.893437
27.0,2114,8831.652283
30.0,2152,8841.649565
29.0,2144,8851.585665
33.0,2133,8861.380587
31.0,2155,8871.285855
27.0,2158,8881.162095
31.0,2142,8890.928683
34.0,2146,8900.795275
36.0,2165,8910.775453
29.0,2140,8920.609751
26.0,2151,8930.47351
31.0,2138,8940.376114
31.0,2152,8950.371154
33.0,2148,8960.228637
28.0,2123,8970.073118
36.0,2132,8979.844098
30.0,2146,8989.850014
34.0,2143,8999.776774
36.0,2138,9009.629954
30.0,2140,9019.490167
37.0,2148,9029.265132
30.0,2141,9039.089852
34.0,2125,9049.078856
28.0,2147,9059.005069
31.0,2129,9068.719622
30.0,2112,9078.398663
30.0,2139,9088.179734
30.0,2129,9097.983675
28.0,2155,9107.933792
37.0,2129,9117.633607
29.0,2149,9127.562228
34.0,2134,9137.389093
31.0,2131,9147.161329
33.0,2125,9157.036875
29.0,2109,9166.820711
31.0,2127,9176.581315
33.0,2156,9186.505144
26.0,2139,9196.324941
30.0,2122,9206.153249
28.0,2140,9216.049754
28.0,2112,9226.1846
30.0,2133,9236.059302
29.0,2131,9245.864353
33.0,2137,9255.699556
33.0,2116,9265.470292
28.0,2112,9275.332272
26.0,2155,9285.33621
30.0,2116,9295.135234
36.0,2128,9305.098632
24.0,2141,9315.013074
25.0,2135,9324.999552
29.0,2148,9334.964852
25.0,2140,9344.935678
24.0,2141,9354.846614
32.0,2146,9364.76175
26.0,2130,9374.677595
31.0,2137,9384.584238
33.0,2133,9394.399637
26.0,2167,9404.362439
28.0,2136,9414.363704
31.0,2131,9424.227422
31.0,2145,9434.246596
28.0,2143,9444.223271
28.0,2120,9454.149132
30.0,2131,9464.074294
33.0,2161,9474.178718
31.0,2147,9484.155251
36.0,2157,9494.212227
25.0,2142,9504.148135
29.0,2124,9514.005811
31.0,2129,9524.026116
28.0,2153,9533.946414
33.0,2156,9543.891015
30.0,2129,9553.643942
30.0,2138,9563.323685
31.0,2141,9573.188025
26.0,2153,9583.045396
30.0,2136,9592.88075
30.0,2126,9602.794466
31.0,2161,9612.650265
28.0,2148,9622.574875
26.0,2138,9632.614846
34.0,2145,9642.652125
32.0,2117,9652.593419
29.0,2121,9662.362705
40.0,2159,9672.362506
27.0,2100,9682.139535
34.0,2149,9692.060901
33.0,2153,9701.972467
26.0,2108,9711.732239
24.0,2139,9721.548842
28.0,2135,9731.42011
33.0,2176,9741.382227
33.0,2171,9751.445463
26.0,2144,9761.209596
33.0,2126,9771.01408
31.0,2125,9780.873913
30.0,2119,9790.594876
29.0,2126,9800.442689
28.0,2141,9810.3909
28.0,2146,9820.532719
30.0,2146,9831.119067
26.0,2135,9842.873031
33.0,2163,9855.31459
24.0,2131,9867.463986
34.0,2164,9879.966739
33.0,2154,9892.114406
22.0,2139,9903.703387
33.0,2158,9915.621719
32.0,2122,9926.372962
28.0,2117,9936.357241
28.0,2134,9946.433372
34.0,2144,9956.48897
36.0,2141,9966.430217
30.0,2138,9976.262627
28.0,2161,9986.209468
31.0,2129,9996.22349
27.0,2140,10006.263785
37.0,2108,10016.295145
33.0,2127,10026.931727
33.0,2116,10037.129698
30.0,2165,10047.40092
30.0,2128,10057.73112
36.0,2149,10068.367718
30.0,2123,10078.517139
30.0,2135,10088.851316
34.0,2113,10098.82357
28.0,2148,10108.954028
28.0,2139,10119.171252
28.0,2113,10129.164054
27.0,2145,10139.296159
30.0,2142,10149.405081
32.0,2129,10159.639987
36.0,2149,10169.978022
33.0,2137,10180.144983
31.0,2138,10190.429456
33.0,2122,10200.556337
31.0,2146,10210.924875
26.0,2133,10221.60702
31.0,2116,10231.764784
34.0,2158,10242.047621
30.0,2129,10252.340746
30.0,2124,10262.607139
25.0,2119,10272.553854
28.0,2110,10282.582278
33.0,2157,10292.741695
28.0,2118,10302.727149
31.0,2123,10312.786844
28.0,2152,10323.224424
33.0,2138,10333.23484
31.0,2142,10343.629846
33.0,2135,10353.818922
30.0,2162,10364.034264
26.0,2151,10374.067847
26.0,2152,10384.01962
28.0,2157,10394.135607
28.0,2136,10404.342635
28.0,2150,10414.397176
31.0,2135,10424.587236
29.0,2158,10435.971048
37.0,2145,10447.44912
34.0,2148,10457.8596
28.0,2137,10468.206609
31.0,2122,10478.367331
30.0,2141,10489.447902
30.0,2131,10499.87708
32.0,2145,10510.392461
28.0,2146,10521.235483
26.0,2135,10532.167694
30.0,2128,10542.838738
33.0,2135,10553.026454
29.0,2150,10563.771515
30.0,2105,10574.57181
30.0,2126,10584.9849
26.0,2158,10595.773118
31.0,2160,10606.677296
28.0,2126,10617.050001
28.0,2146,10627.410363
29.0,2133,10638.080482
34.0,2143,10648.855224
33.0,2136,10659.858141
26.0,2126,10670.924429
28.0,2130,10681.172148
28.0,2147,10691.609835
26.0,2136,10701.783229
31.0,2151,10712.454683
30.0,2158,10722.787426
29.0,2115,10733.010394
30.0,2134,10745.784766
28.0,2150,10756.010967
28.0,2158,10766.255231
31.0,2143,10776.99286
27.0,2120,10788.932328
29.0,2152,10801.07768
30.0,2134,10811.530531
33.0,2117,10821.873639
33.0,2136,10832.293105
26.0,2137,10842.65789
33.0,2136,10852.967505
30.0,2175,10863.439274
26.0,2144,10873.731576
28.0,2119,10883.945725
30.0,2133,10894.093627
28.0,2124,10904.350826
31.0,2133,10914.662781
23.0,2097,10924.534992
26.0,2162,10934.782728
31.0,2148,10944.796592
28.0,2132,10955.00358
28.0,2137,10965.642135
29.0,2147,10976.511926
34.0,2138,10986.88195
23.0,2108,10996.963411
26.0,2137,11007.148036
26.0,2134,11017.915175
30.0,2128,11028.406478
28.0,2127,11038.69606
33.0,2117,11049.199034
28.0,2125,11059.546866
33.0,2116,11070.000427
33.0,2160,11080.537507
33.0,2138,11090.897698
29.0,2141,11101.261353
40.0,2133,11111.921017
33.0,2154,11123.147607
30.0,2103,11133.366074
30.0,2127,11143.417369
38.0,2110,11153.376699
32.0,2156,11163.62934
29.0,2161,11173.936882
30.0,2121,11184.267825
28.0,2149,11194.666728
31.0,2115,11204.924116
31.0,2113,11215.034102
31.0,2140,11225.271423
26.0,2143,11235.408907
28.0,2154,11245.6648
28.0,2131,11255.630302
30.0,2139,11265.799751
33.0,2131,11275.864974
30.0,2131,11285.922302
33.0,2145,11296.00604
26.0,2173,11306.36474
28.0,2137,11316.604601
30.0,2146,11326.819578
31.0,2127,11337.026621
28.0,2136,11347.240502
30.0,2128,11357.543352
22.0,2135,11367.903753
28.0,2141,11378.413715
28.0,2134,11388.718365
32.0,2125,11398.850375
28.0,2125,11409.022638
30.0,2142,11419.649111
28.0,2146,11431.438735
19.0,2119,11443.007371
33.0,2143,11453.89184
33.0,2166,11464.058423
24.0,2143,11474.541205
30.0,2128,11485.091542
28.0,2135,11495.735217
22.0,2139,11506.356958
31.0,2135,11516.585461
29.0,2139,11527.251611
26.0,2123,11539.077433
26.0,2142,11550.100792
32.0,2125,11561.317614
28.0,2149,11573.29683
22.0,2118,11584.273401
28.0,2125,11595.141375
33.0,2153,11605.621711
32.0,2155,11616.146802
28.0,2139,11626.669836
27.0,2121,11636.984779
31.0,2136,11647.637724
28.0,2165,11658.510974
30.0,2147,11668.871321
27.0,2136,11678.956966
33.0,2159,11690.204224
26.0,2150,11700.555093
32.0,2130,11710.663821
30.0,2127,11721.362473
34.0,2118,11732.996574
30.0,2128,11743.786397
28.0,2131,11753.971304
33.0,2136,11764.550847
28.0,2130,11775.173564
26.0,2146,11785.743576
31.0,2152,11796.017036
28.0,2151,11806.360537
33.0,2133,11816.375951
28.0,2129,11826.382114
38.0,2143,11836.676514
26.0,2128,11846.940012
29.0,2145,11857.187807
28.0,2129,11867.267377
28.0,2175,11877.745315
28.0,2130,11887.932461
33.0,2128,11898.072924
33.0,2127,11908.209136
33.0,2150,11918.445684
34.0,2161,11928.791441
28.0,2117,11938.79855
28.0,2145,11949.060475
30.0,2135,11959.027362
33.0,2126,11969.3499
28.0,2132,11979.873752
28.0,2141,11990.506327
31.0,2152,12001.317618
28.0,2125,12011.527217
26.0,2143,12021.872298
30.0,2107,12031.977501
29.0,2127,12042.194622
30.0,2140,12052.531847
30.0,2149,12062.909909
26.0,2145,12073.315224
29.0,2134,12083.431662
31.0,2131,12093.568406
26.0,2120,12103.860132
34.0,2132,12114.109062
33.0,2126,12124.304377
25.0,2137,12134.456304
35.0,2135,12144.657829
31.0,2134,12154.989666
28.0,2108,12165.117311
26.0,2132,12175.309741
28.0,2124,12185.68511
30.0,2117,12195.924926
28.0,2119,12206.424853
34.0,2137,12216.649773
35.0,2131,12226.855992
33.0,2155,12237.133628
28.0,2129,12247.048954
30.0,2148,12257.224721
31.0,2129,12267.557992
32.0,2128,12277.638587
26.0,2122,12287.695786
29.0,2147,12297.838267
34.0,2136,12307.912034
30.0,2130,12317.979871
34.0,2122,12328.100361
33.0,2131,12338.259098
26.0,2137,12348.679219
29.0,2155,12358.89735
26.0,2120,12369.046112
31.0,2139,12379.631674
33.0,2170,12390.059242
28.0,2121,12400.083835
33.0,2143,12410.152277
28.0,2147,12420.629448
31.0,2142,12431.00143
33.0,2153,12442.208159
28.0,2140,12452.769743
28.0,2117,12463.014673
26.0,2131,12473.193873
28.0,2141,12483.463237
24.0,2134,12493.518429
33.0,2127,12503.748238
30.0,2146,12513.922408
29.0,2122,12524.054719
30.0,2124,12534.064721
26.0,2137,12544.472302
28.0,2137,12554.713758
30.0,2149,12564.959587
29.0,2145,12575.203427
29.0,2119,12585.359362
26.0,2141,12595.629165
29.0,2159,12606.438715
36.0,2133,12617.761555
24.0,2138,12628.643853
26.0,2124,12639.238525
26.0,2125,12649.756283
30.0,2132,12660.319411
28.0,2106,12670.250289
27.0,2135,12680.49658
31.0,2133,12691.087407
33.0,2139,12701.999563
30.0,2115,12712.526278
29.0,2127,12723.856596
33.0,2146,12734.311084
28.0,2120,12744.506252
24.0,2127,12754.853736
28.0,2139,12765.064934
28.0,2132,12775.244775
34.0,2144,12786.330576
35.0,2151,12797.768388
26.0,2136,12808.188101
30.0,2093,12818.762076
30.0,2120,12829.341009
24.0,2134,12839.628248
30.0,2125,12850.178987
28.0,2142,12860.530292
26.0,2117,12870.591221
36.0,2130,12880.699369
28.0,2114,12890.961166
30.0,2128,12902.599623
27.0,2105,12912.869951
34.0,2131,12923.086036
26.0,2151,12933.262356
30.0,2134,12944.318693
26.0,2156,12955.005399
27.0,2125,12965.103122
28.0,2112,12975.166515
