#{"t_start": 1525600847.6899867, "env_id": "BowlingNoFrameskip-v4"}
r,l,t,i
24.0,2086,17.631585,2085
24.0,2119,29.10863,4204
18.0,2121,40.768277,6325
25.0,2099,52.226149,8424
22.0,2102,63.532073,10526
18.0,2084,74.803839,12610
11.0,2076,86.068867,14686
22.0,2107,97.617265,16793
24.0,2123,109.170887,18916
21.0,2108,120.668653,21024
27.0,2121,132.157987,23145
21.0,2097,143.543963,25242
23.0,2116,155.070502,27358
29.0,2132,166.642236,29490
18.0,2081,177.92136,31571
24.0,2093,189.232352,33664
21.0,2088,200.570396,35752
37.0,2125,212.100262,37877
21.0,2117,223.591784,39994
17.0,2092,234.952236,42086
26.0,2131,246.560477,44217
27.0,2093,258.127749,46310
22.0,2103,269.555973,48413
25.0,2099,280.870685,50512
30.0,2130,292.558913,52642
23.0,2120,304.16549,54762
19.0,2108,315.666304,56870
16.0,2082,326.92852,58952
27.0,2139,338.558695,61091
15.0,2101,350.031593,63192
24.0,2098,361.482342,65290
33.0,2119,372.994389,67409
27.0,2123,384.523351,69532
30.0,2132,396.114201,71664
25.0,2098,407.621924,73762
22.0,2102,419.084389,75864
25.0,2129,430.749541,77993
28.0,2101,442.24307,80094
18.0,2113,453.816443,82207
33.0,2085,465.148022,84292
17.0,2101,476.659677,86393
29.0,2116,488.261979,88509
12.0,2084,499.701459,90593
33.0,2123,511.404598,92716
22.0,2135,522.768091,94851
31.0,2123,533.846561,96974
26.0,2126,545.147064,99100
31.0,2126,556.380972,101226
28.0,2137,567.702906,103363
24.0,2101,578.708121,105464
39.0,2102,589.752677,107566
21.0,2105,600.756854,109671
28.0,2133,612.039204,111804
21.0,2111,623.209164,113915
18.0,2082,634.263095,115997
24.0,2111,645.354472,118108
25.0,2117,656.447227,120225
31.0,2125,667.725166,122350
24.0,2083,678.783142,124433
16.0,2097,689.870787,126530
20.0,2097,700.92459,128627
25.0,2136,712.373028,130763
24.0,2088,723.436102,132851
31.0,2128,734.6523,134979
24.0,2109,745.72526,137088
30.0,2148,756.985316,139236
11.0,2094,768.074455,141330
25.0,2128,779.407824,143458
18.0,2086,790.49925,145544
22.0,2108,801.689065,147652
24.0,2109,812.901656,149761
16.0,2079,823.917656,151840
33.0,2097,835.087039,153937
13.0,2086,846.031258,156023
36.0,2116,857.240022,158139
25.0,2110,868.288132,160249
27.0,2112,879.388274,162361
28.0,2121,890.593942,164482
32.0,2141,901.791608,166623
30.0,2135,913.183699,168758
31.0,2120,924.427793,170878
21.0,2096,935.516928,172974
21.0,2110,946.729232,175084
32.0,2130,957.965717,177214
27.0,2115,969.182618,179329
25.0,2095,980.159563,181424
33.0,2161,991.467611,183585
27.0,2120,1002.611826,185705
24.0,2129,1013.685186,187834
30.0,2111,1024.708436,189945
37.0,2099,1035.778308,192044
30.0,2093,1046.80293,194137
19.0,2107,1057.817503,196244
22.0,2094,1068.755125,198338
28.0,2123,1079.885498,200461
34.0,2138,1091.231244,202599
30.0,2131,1102.433541,204730
21.0,2096,1113.428587,206826
25.0,2136,1124.599414,208962
29.0,2088,1135.505259,211050
29.0,2121,1146.634462,213171
24.0,2105,1157.777829,215276
17.0,2114,1168.780954,217390
24.0,2132,1179.896774,219522
34.0,2079,1190.744713,221601
28.0,2115,1201.761167,223716
26.0,2108,1212.909543,225824
30.0,2109,1223.896803,227933
22.0,2094,1234.863718,230027
22.0,2109,1246.024328,232136
27.0,2129,1257.22247,234265
30.0,2130,1269.039813,236395
15.0,2081,1280.582613,238476
28.0,2122,1291.723015,240598
28.0,2139,1302.961269,242737
33.0,2123,1314.174066,244860
15.0,2108,1325.231203,246968
28.0,2127,1336.304184,249095
22.0,2096,1347.320229,251191
19.0,2096,1358.214545,253287
16.0,2116,1369.413723,255403
19.0,2086,1380.448899,257489
24.0,2116,1391.551582,259605
15.0,2107,1402.647385,261712
15.0,2067,1413.475247,263779
15.0,2075,1424.265316,265854
25.0,2094,1435.341441,267948
28.0,2103,1446.360606,270051
22.0,2128,1457.498565,272179
21.0,2097,1468.53495,274276
33.0,2130,1479.714865,276406
30.0,2006,1490.284672,278412
30.0,2098,1501.382441,280510
18.0,2100,1512.423512,282610
16.0,2093,1523.577194,284703
29.0,2121,1534.77051,286824
40.0,2127,1546.117445,288951
25.0,2098,1557.139632,291049
20.0,2113,1568.202598,293162
21.0,2072,1579.094882,295234
29.0,2103,1590.145727,297337
24.0,2095,1601.039418,299432
20.0,2074,1612.059061,301506
24.0,2127,1623.261646,303633
20.0,2096,1634.15591,305729
25.0,2101,1645.220426,307830
25.0,2122,1656.399122,309952
24.0,2109,1667.502953,312061
25.0,2121,1678.818345,314182
24.0,2096,1689.868805,316278
18.0,2109,1700.885684,318387
23.0,2099,1711.995829,320486
20.0,2113,1723.004687,322599
22.0,2100,1734.042218,324699
14.0,2113,1745.199009,326812
22.0,2114,1756.308776,328926
24.0,2094,1767.324885,331020
27.0,2104,1778.368868,333124
18.0,2091,1789.336773,335215
27.0,2100,1800.412701,337315
18.0,2082,1811.440083,339397
21.0,2085,1822.443321,341482
25.0,2104,1833.60529,343586
21.0,2092,1844.722578,345678
21.0,2094,1855.667964,347772
24.0,2126,1866.936337,349898
24.0,2080,1877.912537,351978
22.0,2112,1889.080372,354090
27.0,2118,1900.258074,356208
21.0,2094,1911.284157,358302
18.0,2100,1922.436142,360402
30.0,2116,1933.681002,362518
30.0,2117,1944.919219,364635
13.0,2083,1955.967059,366718
28.0,2126,1967.157829,368844
21.0,2084,1978.121195,370928
22.0,2099,1989.232962,373027
28.0,2115,2000.358603,375142
21.0,2084,2011.354205,377226
21.0,2116,2022.571398,379342
27.0,2089,2033.651273,381431
21.0,2106,2045.019332,383537
19.0,2109,2056.285845,385646
33.0,2118,2067.336966,387764
15.0,2084,2078.392,389848
21.0,2096,2089.372895,391944
24.0,2122,2100.548311,394066
15.0,2096,2111.615207,396162
24.0,2101,2122.759356,398263
25.0,2121,2134.005795,400384
18.0,2081,2145.009143,402465
21.0,2082,2155.899821,404547
34.0,2134,2167.21931,406681
37.0,2131,2178.557579,408812
15.0,2086,2189.483085,410898
25.0,2115,2200.632676,413013
21.0,2106,2211.9207,415119
30.0,2122,2223.129975,417241
22.0,2112,2234.24769,419353
21.0,2093,2245.188502,421446
15.0,2097,2256.198433,423543
22.0,2111,2267.268297,425654
27.0,2098,2278.397035,427752
25.0,2140,2289.659836,429892
30.0,2130,2300.91696,432022
18.0,2077,2311.830432,434099
24.0,2105,2323.054477,436204
25.0,2104,2334.136454,438308
22.0,2111,2345.360109,440419
28.0,2133,2356.727422,442552
27.0,2151,2368.12844,444703
19.0,2103,2379.190083,446806
21.0,2124,2390.395037,448930
22.0,2102,2401.474145,451032
26.0,2118,2412.633467,453150
21.0,2088,2423.692098,455238
27.0,2116,2435.009881,457354
15.0,2092,2446.076466,459446
30.0,2107,2457.321565,461553
24.0,2144,2468.572003,463697
27.0,2113,2479.692916,465810
27.0,2111,2490.835283,467921
22.0,2109,2501.921024,470030
30.0,2088,2512.971241,472118
24.0,2122,2524.184976,474240
16.0,2101,2535.205222,476341
11.0,2092,2546.191228,478433
24.0,2115,2557.438599,480548
27.0,2111,2568.614727,482659
19.0,2097,2579.658825,484756
31.0,2087,2590.685249,486843
20.0,2116,2601.785251,488959
26.0,2133,2613.031936,491092
25.0,2081,2623.989537,493173
37.0,2131,2635.190506,495304
15.0,2089,2646.142686,497393
25.0,2091,2657.105048,499484
26.0,2124,2668.571762,501608
26.0,2142,2679.983994,503750
28.0,2096,2691.101734,505846
31.0,2119,2702.351672,507965
30.0,2113,2713.449561,510078
26.0,2113,2724.547063,512191
23.0,2116,2735.728125,514307
20.0,2123,2746.944404,516430
17.0,2101,2758.069808,518531
21.0,2096,2769.169866,520627
20.0,2109,2780.399299,522736
19.0,2088,2791.422356,524824
24.0,2097,2802.579477,526921
16.0,2097,2813.606888,529018
18.0,2079,2824.597021,531097
12.0,2079,2835.519385,533176
15.0,2088,2846.486101,535264
21.0,2095,2857.494192,537359
23.0,2124,2868.58294,539483
28.0,2102,2879.736146,541585
18.0,2108,2890.991492,543693
25.0,2116,2902.213079,545809
27.0,2086,2913.257226,547895
26.0,2132,2924.552635,550027
28.0,2131,2935.648432,552158
31.0,2121,2946.795366,554279
26.0,2128,2958.181381,556407
26.0,2010,2968.858164,558417
22.0,2105,2980.040025,560522
25.0,2115,2991.121748,562637
34.0,2134,3002.254368,564771
25.0,2136,3013.572569,566907
25.0,2127,3024.805007,569034
18.0,2117,3035.868984,571151
18.0,2102,3047.164504,573253
22.0,2111,3058.285972,575364
22.0,2104,3069.423695,577468
19.0,2105,3080.496687,579573
19.0,2102,3091.581626,581675
28.0,2143,3102.837859,583818
22.0,2137,3114.114706,585955
23.0,2117,3125.167645,588072
27.0,2106,3136.35777,590178
30.0,2089,3147.301494,592267
24.0,2104,3158.364414,594371
27.0,2130,3169.631915,596501
22.0,2140,3180.906118,598641
28.0,2127,3192.185758,600768
30.0,2125,3203.504115,602893
18.0,2090,3214.487993,604983
24.0,2140,3225.747636,607123
22.0,2102,3236.820176,609225
26.0,2128,3248.113458,611353
24.0,2112,3259.3362,613465
16.0,2100,3270.424241,615565
19.0,2099,3281.468943,617664
15.0,2090,3292.580433,619754
13.0,2122,3303.792012,621876
24.0,2112,3315.047951,623988
28.0,2117,3326.295426,626105
24.0,2091,3337.320591,628196
30.0,2108,3348.53754,630304
31.0,2125,3359.815494,632429
29.0,2102,3370.756785,634531
24.0,2105,3381.916731,636636
36.0,2123,3393.081244,638759
28.0,2119,3404.225298,640878
30.0,2127,3415.633697,643005
25.0,2127,3426.805357,645132
30.0,2137,3438.096751,647269
28.0,2115,3449.359712,649384
30.0,2140,3460.766627,651524
30.0,2109,3471.864281,653633
20.0,2097,3482.987803,655730
27.0,2105,3493.933074,657835
22.0,2131,3505.125854,659966
25.0,2098,3516.073095,662064
22.0,2093,3527.16171,664157
25.0,2112,3538.303009,666269
33.0,2110,3549.466625,668379
24.0,2120,3560.675529,670499
19.0,2108,3571.835904,672607
24.0,2137,3583.129688,674744
18.0,2106,3594.332422,676850
30.0,2110,3605.461298,678960
19.0,2113,3616.673659,681073
22.0,2121,3627.875773,683194
25.0,2104,3638.978541,685298
24.0,2091,3649.891398,687389
24.0,2098,3660.961724,689487
24.0,2129,3672.09395,691616
21.0,2094,3683.13457,693710
20.0,2098,3694.152116,695808
30.0,2151,3705.612791,697959
22.0,2103,3716.792653,700062
17.0,2098,3727.966862,702160
30.0,2144,3739.402943,704304
30.0,2132,3750.646219,706436
12.0,2096,3761.872153,708532
28.0,2141,3773.036676,710673
30.0,2141,3784.376632,712814
24.0,2108,3795.497029,714922
21.0,2101,3806.693394,717023
27.0,2129,3817.970311,719152
18.0,2093,3829.096273,721245
19.0,2105,3840.277782,723350
28.0,2130,3851.549227,725480
33.0,2132,3862.871464,727612
22.0,2112,3874.072452,729724
25.0,2112,3885.246417,731836
22.0,2117,3896.509704,733953
21.0,2064,3907.309779,736017
30.0,2156,3918.640875,738173
36.0,2141,3929.943887,740314
24.0,2122,3941.195688,742436
39.0,2139,3952.562479,744575
30.0,2117,3963.809019,746692
30.0,2099,3974.95688,748791
15.0,2109,3986.138586,750900
18.0,2080,3997.355237,752980
25.0,2107,4008.65777,755087
13.0,2105,4019.755406,757192
30.0,2122,4031.046905,759314
23.0,2127,4042.251426,761441
28.0,2144,4053.556109,763585
21.0,2099,4064.650294,765684
23.0,2112,4075.762671,767796
29.0,2131,4086.950282,769927
27.0,2111,4098.169732,772038
27.0,2127,4109.448584,774165
25.0,2118,4120.678935,776283
19.0,2071,4131.808513,778354
28.0,2117,4142.904017,780471
27.0,2107,4154.099452,782578
24.0,2111,4165.311495,784689
18.0,2087,4176.267055,786776
22.0,2104,4187.415255,788880
26.0,2124,4198.541265,791004
20.0,2123,4209.779975,793127
19.0,2111,4221.059735,795238
23.0,2102,4232.160681,797340
22.0,2106,4243.215267,799446
23.0,2101,4254.368464,801547
19.0,2085,4265.341384,803632
33.0,2159,4276.79344,805791
21.0,2117,4288.047084,807908
30.0,2102,4299.249547,810010
25.0,2110,4310.426717,812120
28.0,2108,4321.651687,814228
25.0,2125,4332.967476,816353
33.0,2132,4344.238697,818485
26.0,2139,4355.628755,820624
25.0,2115,4366.745917,822739
21.0,2115,4377.898227,824854
33.0,2135,4389.190333,826989
21.0,2089,4400.162845,829078
25.0,2092,4411.23306,831170
27.0,2114,4422.436042,833284
21.0,2133,4433.630988,835417
27.0,2132,4444.900686,837549
28.0,2107,4456.084811,839656
23.0,2134,4467.423144,841790
27.0,2130,4478.684553,843920
24.0,2121,4489.911963,846041
22.0,2094,4500.99522,848135
25.0,2093,4511.980978,850228
18.0,2102,4523.159319,852330
32.0,2151,4534.520036,854481
24.0,2117,4545.633208,856598
30.0,2112,4556.738047,858710
19.0,2102,4567.815957,860812
20.0,2099,4578.938965,862911
20.0,2110,4590.117603,865021
27.0,2138,4601.323478,867159
23.0,2097,4612.419701,869256
21.0,2088,4623.474897,871344
15.0,2086,4634.461479,873430
33.0,2134,4645.74404,875564
18.0,2135,4657.04965,877699
34.0,2132,4668.299011,879831
31.0,2140,4679.666857,881971
28.0,2141,4691.032805,884112
21.0,2110,4702.301997,886222
22.0,2129,4713.52873,888351
24.0,2116,4724.770427,890467
24.0,2100,4735.929966,892567
27.0,2099,4746.924582,894666
18.0,2088,4757.986704,896754
36.0,2135,4769.189353,898889
19.0,2067,4780.184854,900956
19.0,2103,4791.265816,903059
18.0,2084,4802.23007,905143
28.0,2143,4813.557694,907286
22.0,2096,4824.584332,909382
19.0,2102,4835.669891,911484
27.0,2099,4846.798571,913583
25.0,2142,4858.15086,915725
33.0,2144,4869.583242,917869
36.0,2112,4880.87022,919981
25.0,2114,4892.026346,922095
27.0,2109,4903.180569,924204
30.0,2131,4914.522401,926335
21.0,2147,4925.922161,928482
30.0,2135,4937.229699,930617
28.0,2134,4948.371405,932751
39.0,2142,4959.659035,934893
31.0,2136,4970.870094,937029
25.0,2112,4982.003339,939141
29.0,2146,4993.426769,941287
28.0,2143,5004.787362,943430
27.0,2111,5015.963418,945541
31.0,2128,5027.301193,947669
24.0,2087,5038.261717,949756
26.0,2129,5049.59433,951885
21.0,2110,5060.639445,953995
37.0,2142,5071.821611,956137
31.0,2131,5083.032406,958268
24.0,2125,5094.304297,960393
22.0,2082,5105.294004,962475
28.0,2130,5116.567423,964605
23.0,2126,5127.89571,966731
28.0,2147,5139.300497,968878
27.0,2121,5150.517435,970999
23.0,2105,5161.546125,973104
28.0,2130,5172.886687,975234
25.0,2130,5184.196851,977364
22.0,2102,5195.320849,979466
25.0,2112,5206.405427,981578
28.0,2122,5217.618157,983700
17.0,2101,5228.726951,985801
25.0,2139,5240.042425,987940
24.0,2134,5251.348551,990074
18.0,2132,5262.567595,992206
31.0,2148,5274.130261,994354
27.0,2092,5285.191237,996446
30.0,2134,5296.479627,998580
30.0,2126,5307.705781,1000706
27.0,2149,5319.191508,1002855
30.0,2124,5330.393941,1004979
24.0,2123,5341.652151,1007102
34.0,2143,5352.897873,1009245
22.0,2107,5363.921373,1011352
24.0,2102,5375.113722,1013454
28.0,2110,5386.217315,1015564
33.0,2131,5397.543652,1017695
24.0,2112,5408.733041,1019807
22.0,2120,5419.851937,1021927
30.0,2142,5431.143857,1024069
28.0,2130,5442.440124,1026199
28.0,2157,5453.846608,1028356
22.0,2101,5465.007641,1030457
26.0,2153,5476.389478,1032610
34.0,2131,5487.515082,1034741
26.0,2107,5498.614851,1036848
30.0,2155,5509.994621,1039003
20.0,2124,5521.202771,1041127
33.0,2128,5532.509105,1043255
33.0,2135,5543.843609,1045390
25.0,2119,5555.006609,1047509
29.0,2129,5566.145962,1049638
19.0,2143,5577.365148,1051781
28.0,2162,5588.77347,1053943
28.0,2132,5600.163068,1056075
23.0,2144,5611.538555,1058219
23.0,2115,5622.624715,1060334
27.0,2113,5633.741661,1062447
25.0,2128,5645.408193,1064575
33.0,2123,5657.457037,1066698
24.0,2098,5668.647876,1068796
27.0,2130,5679.915855,1070926
24.0,2121,5691.131817,1073047
16.0,2110,5702.242076,1075157
19.0,2115,5713.469444,1077272
31.0,2136,5724.750369,1079408
30.0,2137,5735.844734,1081545
30.0,2114,5747.079316,1083659
22.0,2139,5758.377418,1085798
29.0,2136,5769.760124,1087934
27.0,2135,5781.066956,1090069
31.0,2126,5792.355078,1092195
30.0,2095,5803.444859,1094290
21.0,2131,5814.709529,1096421
34.0,2151,5826.000822,1098572
24.0,2106,5837.106335,1100678
27.0,2126,5848.404389,1102804
27.0,2136,5859.706874,1104940
26.0,2131,5871.000831,1107071
30.0,2131,5882.339469,1109202
28.0,2112,5893.419958,1111314
29.0,2136,5904.66733,1113450
35.0,2126,5915.851696,1115576
30.0,2149,5927.240078,1117725
30.0,2120,5938.401769,1119845
25.0,2124,5949.44098,1121969
27.0,2168,5960.95969,1124137
25.0,2108,5972.107009,1126245
27.0,2131,5983.391349,1128376
33.0,2109,5994.63398,1130485
25.0,2133,6005.997773,1132618
22.0,2100,6017.041477,1134718
33.0,2159,6028.447316,1136877
31.0,2169,6039.946952,1139046
25.0,2112,6051.098117,1141158
33.0,2174,6062.624114,1143332
25.0,2127,6073.890213,1145459
31.0,2147,6085.197639,1147606
36.0,2127,6096.333423,1149733
34.0,2129,6107.477983,1151862
29.0,2173,6118.898359,1154035
27.0,2148,6130.355725,1156183
30.0,2115,6141.59288,1158298
30.0,2153,6152.862313,1160451
30.0,2166,6164.285469,1162617
28.0,2140,6175.663155,1164757
30.0,2107,6186.715425,1166864
37.0,2133,6197.937415,1168997
31.0,2151,6209.216365,1171148
30.0,2133,6220.39262,1173281
30.0,2134,6231.753652,1175415
28.0,2129,6242.960356,1177544
22.0,2142,6254.280617,1179686
24.0,2110,6265.471111,1181796
34.0,2142,6276.723279,1183938
26.0,2128,6287.98135,1186066
28.0,2135,6299.395084,1188201
27.0,2124,6310.503231,1190325
31.0,2142,6321.784562,1192467
30.0,2152,6333.171281,1194619
28.0,2151,6344.5505,1196770
33.0,2123,6355.739257,1198893
30.0,2121,6367.006535,1201014
24.0,2109,6378.244349,1203123
36.0,2172,6389.812418,1205295
36.0,2141,6401.255575,1207436
27.0,2110,6412.380416,1209546
28.0,2122,6423.670707,1211668
25.0,2123,6434.801113,1213791
33.0,2132,6445.993455,1215923
32.0,2143,6457.295987,1218066
28.0,2156,6468.665003,1220222
36.0,2153,6480.074963,1222375
27.0,2129,6491.326964,1224504
29.0,2173,6502.951778,1226677
33.0,2154,6514.310905,1228831
30.0,2141,6525.628484,1230972
30.0,2144,6536.8673,1233116
30.0,2107,6548.015066,1235223
25.0,2144,6559.339486,1237367
27.0,2145,6570.64167,1239512
26.0,2146,6581.91432,1241658
30.0,2137,6593.160431,1243795
33.0,2148,6604.536708,1245943
30.0,2121,6615.761304,1248064
30.0,2123,6626.929687,1250187
28.0,2158,6638.310899,1252345
23.0,2115,6649.48868,1254460
34.0,2137,6660.815939,1256597
25.0,2120,6672.076596,1258717
33.0,2130,6683.29955,1260847
36.0,2128,6694.523131,1262975
28.0,2117,6705.767301,1265092
33.0,2138,6717.101304,1267230
36.0,2143,6728.416692,1269373
23.0,2130,6739.755182,1271503
28.0,2150,6751.095471,1273653
34.0,2127,6762.336095,1275780
21.0,2134,6773.613965,1277914
30.0,2150,6784.987295,1280064
30.0,2151,6796.467024,1282215
28.0,2153,6808.004044,1284368
27.0,2120,6819.222426,1286488
25.0,2137,6830.50502,1288625
27.0,2122,6841.678161,1290747
33.0,2156,6853.109177,1292903
32.0,2156,6864.524778,1295059
26.0,2129,6875.653548,1297188
23.0,2132,6886.943511,1299320
39.0,2170,6898.332068,1301490
31.0,2145,6909.569034,1303635
33.0,2127,6920.946788,1305762
34.0,2155,6932.415025,1307917
30.0,2142,6943.80633,1310059
23.0,2143,6955.271898,1312202
30.0,2123,6966.48831,1314325
24.0,2108,6977.68141,1316433
28.0,2114,6988.88753,1318547
30.0,2147,7000.173144,1320694
31.0,2152,7011.464108,1322846
33.0,2146,7022.721139,1324992
33.0,2113,7033.870441,1327105
30.0,2156,7045.234758,1329261
30.0,2142,7056.493918,1331403
39.0,2148,7067.718811,1333551
30.0,2122,7078.975508,1335673
28.0,2150,7090.21094,1337823
24.0,2116,7101.315427,1339939
28.0,2123,7112.536061,1342062
25.0,2134,7123.819386,1344196
25.0,2111,7134.983468,1346307
28.0,2117,7146.133844,1348424
31.0,2121,7157.321095,1350545
33.0,2140,7168.510236,1352685
30.0,2144,7179.905309,1354829
28.0,2112,7190.999069,1356941
40.0,2143,7202.364054,1359084
28.0,2143,7213.763219,1361227
28.0,2142,7225.210586,1363369
33.0,2143,7236.553832,1365512
31.0,2117,7247.709305,1367629
30.0,2141,7258.98487,1369770
33.0,2113,7270.085508,1371883
29.0,2150,7281.32658,1374033
24.0,2129,7292.5614,1376162
28.0,2127,7303.805821,1378289
31.0,2137,7315.028595,1380426
28.0,2162,7326.417579,1382588
30.0,2139,7337.694968,1384727
24.0,2143,7348.949059,1386870
30.0,2146,7360.311527,1389016
25.0,2133,7371.546577,1391149
37.0,2117,7382.828556,1393266
26.0,2150,7394.273079,1395416
30.0,2158,7405.70471,1397574
28.0,2141,7417.06302,1399715
27.0,2144,7428.364208,1401859
30.0,2141,7439.73479,1404000
31.0,2152,7451.241633,1406152
36.0,2155,7462.562789,1408307
27.0,2114,7473.626528,1410421
30.0,2142,7484.842438,1412563
30.0,2128,7496.058769,1414691
31.0,2136,7507.245429,1416827
31.0,2123,7518.404971,1418950
30.0,2130,7529.63037,1421080
28.0,2130,7540.978564,1423210
25.0,2104,7552.11808,1425314
32.0,2150,7563.323245,1427464
31.0,2125,7574.521637,1429589
37.0,2141,7585.787612,1431730
28.0,2136,7597.02804,1433866
30.0,2160,7608.315614,1436026
30.0,2137,7619.76264,1438163
34.0,2126,7630.911526,1440289
30.0,2161,7642.314274,1442450
36.0,2139,7653.499278,1444589
36.0,2140,7664.797652,1446729
31.0,2151,7676.179128,1448880
31.0,2116,7687.316761,1450996
28.0,2113,7698.428498,1453109
36.0,2134,7709.728811,1455243
36.0,2133,7720.801788,1457376
30.0,2117,7731.931293,1459493
30.0,2120,7743.092843,1461613
31.0,2153,7754.426546,1463766
39.0,2108,7765.485483,1465874
28.0,2117,7776.578354,1467991
30.0,2155,7787.862034,1470146
25.0,2102,7798.945932,1472248
33.0,2124,7810.095082,1474372
33.0,2149,7821.410593,1476521
28.0,2136,7832.702082,1478657
33.0,2145,7843.895036,1480802
33.0,2144,7855.249315,1482946
36.0,2130,7866.469185,1485076
30.0,2160,7877.933046,1487236
31.0,2136,7889.194837,1489372
26.0,2149,7900.530585,1491521
35.0,2131,7911.748896,1493652
30.0,2141,7923.039509,1495793
36.0,2140,7934.383976,1497933
35.0,2135,7945.691876,1500068
33.0,2132,7957.071467,1502200
30.0,2137,7968.269047,1504337
27.0,2118,7979.41762,1506455
31.0,2172,7990.960933,1508627
30.0,2123,8002.173195,1510750
36.0,2170,8013.65509,1512920
31.0,2137,8024.955005,1515057
33.0,2123,8036.260325,1517180
31.0,2136,8047.525016,1519316
27.0,2126,8058.605103,1521442
33.0,2142,8069.946244,1523584
28.0,2138,8081.205716,1525722
39.0,2150,8092.596614,1527872
31.0,2131,8103.942823,1530003
33.0,2152,8115.420426,1532155
31.0,2122,8126.709376,1534277
28.0,2137,8137.997138,1536414
27.0,2150,8149.375756,1538564
30.0,2126,8160.699944,1540690
27.0,2115,8171.927116,1542805
28.0,2124,8183.159671,1544929
31.0,2139,8194.479082,1547068
30.0,2137,8205.798915,1549205
24.0,2119,8217.019078,1551324
31.0,2137,8228.398643,1553461
27.0,2117,8239.714405,1555578
31.0,2129,8250.944657,1557707
28.0,2151,8262.340451,1559858
37.0,2155,8273.774094,1562013
30.0,2118,8284.998777,1564131
26.0,2136,8296.318953,1566267
26.0,2121,8307.458306,1568388
30.0,2148,8318.880219,1570536
29.0,2109,8329.975497,1572645
26.0,2105,8341.15325,1574750
39.0,2139,8352.463418,1576889
39.0,2145,8363.862496,1579034
30.0,2129,8375.211597,1581163
27.0,2141,8386.577662,1583304
29.0,2132,8397.82152,1585436
34.0,2152,8409.189784,1587588
26.0,2108,8420.305386,1589696
31.0,2119,8431.47605,1591815
33.0,2141,8442.847644,1593956
29.0,2150,8454.285586,1596106
33.0,2120,8465.384301,1598226
28.0,2132,8476.599148,1600358
28.0,2125,8487.82226,1602483
25.0,2116,8498.946286,1604599
28.0,2141,8510.219193,1606740
28.0,2142,8521.582111,1608882
27.0,2137,8532.849468,1611019
28.0,2127,8544.078577,1613146
30.0,2150,8555.437553,1615296
33.0,2153,8566.784744,1617449
34.0,2147,8578.133518,1619596
33.0,2119,8589.379929,1621715
32.0,2117,8600.57268,1623832
30.0,2124,8611.805401,1625956
33.0,2136,8622.989767,1628092
30.0,2118,8634.164311,1630210
28.0,2152,8645.541779,1632362
33.0,2126,8656.75551,1634488
30.0,2131,8668.044568,1636619
26.0,2145,8679.348607,1638764
30.0,2120,8690.674246,1640884
28.0,2130,8701.958589,1643014
35.0,2121,8713.223366,1645135
28.0,2148,8724.645329,1647283
33.0,2130,8735.855072,1649413
25.0,2127,8747.131174,1651540
26.0,2145,8758.501742,1653685
28.0,2142,8769.826519,1655827
33.0,2156,8781.324256,1657983
36.0,2142,8792.749552,1660125
28.0,2156,8804.097746,1662281
26.0,2128,8815.492993,1664409
26.0,2133,8826.839747,1666542
24.0,2117,8838.05704,1668659
37.0,2137,8849.406034,1670796
31.0,2135,8860.631798,1672931
30.0,2150,8872.027818,1675081
30.0,2130,8883.266054,1677211
34.0,2150,8894.569203,1679361
28.0,2126,8905.804196,1681487
31.0,2134,8917.067371,1683621
31.0,2152,8928.459702,1685773
30.0,2153,8939.947094,1687926
29.0,2137,8951.235041,1690063
27.0,2148,8962.650954,1692211
31.0,2147,8973.966538,1694358
25.0,2146,8985.34354,1696504
20.0,2139,8996.638068,1698643
33.0,2154,9008.058659,1700797
31.0,2125,9019.358494,1702922
30.0,2138,9030.618509,1705060
30.0,2156,9041.826876,1707216
39.0,2132,9053.17541,1709348
31.0,2117,9064.283605,1711465
34.0,2136,9075.552761,1713601
28.0,2125,9086.823667,1715726
30.0,2129,9098.211523,1717855
34.0,2132,9109.585249,1719987
30.0,2150,9120.896243,1722137
25.0,2130,9132.149756,1724267
28.0,2126,9143.434933,1726393
37.0,2150,9154.760139,1728543
24.0,2141,9166.098034,1730684
31.0,2162,9177.583917,1732846
30.0,2139,9188.912338,1734985
29.0,2151,9200.310995,1737136
28.0,2129,9211.642238,1739265
29.0,2127,9223.056633,1741392
24.0,2146,9234.489812,1743538
33.0,2137,9246.282494,1745675
36.0,2150,9257.64745,1747825
30.0,2137,9268.885835,1749962
30.0,2137,9280.197837,1752099
28.0,2140,9291.507983,1754239
36.0,2136,9302.740097,1756375
28.0,2128,9314.068101,1758503
33.0,2129,9325.267007,1760632
28.0,2141,9336.643886,1762773
28.0,2126,9347.845279,1764899
30.0,2127,9359.08218,1767026
31.0,2135,9370.43034,1769161
31.0,2133,9381.735439,1771294
35.0,2139,9393.015155,1773433
28.0,2105,9404.249515,1775538
34.0,2125,9415.331025,1777663
22.0,2147,9426.741551,1779810
27.0,2117,9437.922801,1781927
30.0,2115,9449.135341,1784042
24.0,2113,9460.306435,1786155
28.0,2113,9471.544264,1788268
33.0,2131,9482.793495,1790399
28.0,2152,9494.185754,1792551
30.0,2140,9505.449883,1794691
28.0,2137,9516.769827,1796828
30.0,2117,9527.973211,1798945
30.0,2118,9539.139739,1801063
33.0,2134,9550.446272,1803197
29.0,2122,9561.741306,1805319
28.0,2151,9573.168906,1807470
27.0,2156,9584.583702,1809626
29.0,2130,9595.924932,1811756
33.0,2124,9607.161237,1813880
25.0,2109,9618.498198,1815989
31.0,2137,9629.858775,1818126
28.0,2121,9641.133741,1820247
33.0,2137,9652.467747,1822384
30.0,2147,9663.74598,1824531
36.0,2130,9674.959448,1826661
29.0,2135,9686.293609,1828796
31.0,2165,9697.763799,1830961
30.0,2124,9708.969934,1833085
30.0,2131,9720.26344,1835216
28.0,2135,9731.643548,1837351
31.0,2137,9743.039963,1839488
34.0,2122,9754.34122,1841610
34.0,2138,9765.673968,1843748
27.0,2118,9776.848812,1845866
30.0,2150,9788.142134,1848016
39.0,2155,9799.476544,1850171
30.0,2154,9810.851072,1852325
31.0,2135,9822.039486,1854460
33.0,2127,9833.302187,1856587
28.0,2129,9844.533316,1858716
30.0,2123,9855.682252,1860839
33.0,2150,9867.12714,1862989
30.0,2124,9878.340984,1865113
28.0,2134,9889.701953,1867247
28.0,2113,9900.885617,1869360
25.0,2135,9912.189368,1871495
30.0,2135,9923.26616,1873630
30.0,2119,9934.429984,1875749
27.0,2135,9945.776994,1877884
33.0,2161,9957.296076,1880045
28.0,2107,9968.432965,1882152
31.0,2143,9979.779955,1884295
30.0,2143,9991.179263,1886438
29.0,2146,10002.554317,1888584
27.0,2122,10013.780581,1890706
28.0,2151,10025.24823,1892857
27.0,2133,10036.373286,1894990
27.0,2132,10047.596588,1897122
29.0,2141,10058.880488,1899263
39.0,2144,10070.141687,1901407
30.0,2128,10081.385044,1903535
30.0,2150,10092.775525,1905685
34.0,2119,10104.08606,1907804
27.0,2115,10115.579736,1909919
31.0,2138,10127.105138,1912057
33.0,2129,10138.70614,1914186
31.0,2160,10150.476031,1916346
24.0,2152,10162.250327,1918498
33.0,2158,10174.114295,1920656
26.0,2123,10185.724647,1922779
26.0,2152,10197.433455,1924931
29.0,2141,10209.181387,1927072
26.0,2131,10220.711316,1929203
36.0,2127,10232.200763,1931330
36.0,2158,10243.951175,1933488
34.0,2132,10255.620928,1935620
28.0,2117,10267.029281,1937737
26.0,2130,10278.387934,1939867
33.0,2148,10290.02933,1942015
30.0,2106,10301.560994,1944121
33.0,2133,10313.22197,1946254
30.0,2115,10324.796973,1948369
35.0,2109,10336.295104,1950478
33.0,2134,10347.807861,1952612
31.0,2136,10359.40528,1954748
27.0,2126,10371.036814,1956874
26.0,2158,10382.688662,1959032
34.0,2129,10394.377762,1961161
26.0,2121,10405.858994,1963282
28.0,2134,10417.419563,1965416
33.0,2118,10428.989471,1967534
33.0,2153,10440.724243,1969687
34.0,2151,10452.538527,1971838
28.0,2134,10464.316463,1973972
30.0,2117,10475.939652,1976089
23.0,2131,10487.581752,1978220
34.0,2131,10499.208109,1980351
28.0,2156,10510.974026,1982507
30.0,2152,10522.628375,1984659
27.0,2115,10534.146209,1986774
27.0,2127,10545.584035,1988901
31.0,2153,10557.3056,1991054
33.0,2130,10568.85789,1993184
28.0,2112,10580.380408,1995296
33.0,2142,10591.976578,1997438
30.0,2135,10603.578366,1999573
36.0,2105,10615.067456,2001678
33.0,2156,10626.9857,2003834
31.0,2131,10638.601677,2005965
31.0,2130,10650.182738,2008095
26.0,2141,10661.761696,2010236
30.0,2128,10673.335254,2012364
34.0,2126,10684.774739,2014490
33.0,2141,10696.439565,2016631
34.0,2134,10708.152997,2018765
26.0,2110,10719.635349,2020875
30.0,2137,10731.280785,2023012
24.0,2141,10743.009804,2025153
34.0,2151,10754.74139,2027304
33.0,2136,10766.294621,2029440
29.0,2133,10777.876561,2031573
28.0,2139,10789.439915,2033712
36.0,2161,10801.192059,2035873
36.0,2114,10812.601563,2037987
28.0,2134,10824.190593,2040121
32.0,2152,10835.806362,2042273
30.0,2100,10847.350714,2044373
28.0,2131,10859.065378,2046504
33.0,2139,10870.619936,2048643
27.0,2136,10882.112525,2050779
33.0,2147,10893.819875,2052926
30.0,2142,10905.429857,2055068
34.0,2172,10917.267062,2057240
30.0,2133,10928.713464,2059373
39.0,2136,10940.318065,2061509
31.0,2129,10951.922885,2063638
28.0,2158,10963.627304,2065796
36.0,2153,10975.384185,2067949
30.0,2125,10987.083411,2070074
33.0,2148,10998.811689,2072222
29.0,2157,11010.706129,2074379
26.0,2114,11022.210546,2076493
31.0,2129,11033.70505,2078622
26.0,2146,11045.452133,2080768
30.0,2103,11056.951377,2082871
33.0,2162,11068.733198,2085033
28.0,2126,11080.448389,2087159
28.0,2133,11092.046771,2089292
29.0,2120,11103.608161,2091412
29.0,2149,11115.322361,2093561
27.0,2097,11126.765953,2095658
31.0,2123,11138.376449,2097781
28.0,2131,11149.877372,2099912
28.0,2138,11161.511234,2102050
26.0,2119,11172.985221,2104169
33.0,2106,11184.405977,2106275
31.0,2151,11196.101495,2108426
34.0,2145,11207.815415,2110571
30.0,2133,11219.375396,2112704
30.0,2126,11230.981188,2114830
28.0,2144,11242.670251,2116974
30.0,2130,11254.191716,2119104
28.0,2126,11265.70714,2121230
30.0,2123,11277.085722,2123353
28.0,2160,11288.674414,2125513
35.0,2136,11300.30108,2127649
33.0,2156,11311.830234,2129805
28.0,2115,11323.275663,2131920
30.0,2124,11334.664324,2134044
33.0,2147,11346.210416,2136191
28.0,2137,11357.818392,2138328
29.0,2167,11369.474812,2140495
27.0,2118,11380.843116,2142613
26.0,2128,11392.284281,2144741
31.0,2124,11403.835415,2146865
30.0,2125,11415.44196,2148990
36.0,2136,11426.914827,2151126
30.0,2134,11438.263407,2153260
28.0,2136,11449.729438,2155396
26.0,2134,11461.295127,2157530
36.0,2116,11472.858906,2159646
28.0,2143,11484.46562,2161789
32.0,2130,11495.995645,2163919
37.0,2144,11507.684475,2166063
28.0,2121,11519.06625,2168184
26.0,2146,11530.730207,2170330
28.0,2105,11542.206541,2172435
30.0,2128,11553.691229,2174563
28.0,2154,11565.35853,2176717
30.0,2132,11576.984318,2178849
30.0,2112,11588.412924,2180961
33.0,2122,11599.917885,2183083
28.0,2122,11611.579152,2185205
30.0,2143,11623.296426,2187348
30.0,2141,11634.983668,2189489
35.0,2157,11646.838811,2191646
28.0,2137,11658.485038,2193783
33.0,2166,11670.191155,2195949
30.0,2130,11681.709609,2198079
33.0,2135,11693.241577,2200214
27.0,2123,11704.870442,2202337
30.0,2130,11716.432323,2204467
28.0,2129,11727.981122,2206596
28.0,2142,11739.516657,2208738
28.0,2138,11751.089492,2210876
28.0,2138,11762.821387,2213014
29.0,2149,11774.466572,2215163
37.0,2114,11785.941398,2217277
39.0,2148,11797.74658,2219425
34.0,2138,11809.23252,2221563
33.0,2147,11820.945282,2223710
24.0,2078,11832.069851,2225788
28.0,2125,11843.55564,2227913
32.0,2146,11855.207525,2230059
26.0,2163,11867.036942,2232222
34.0,2153,11878.713501,2234375
28.0,2158,11890.411078,2236533
28.0,2173,11902.319543,2238706
27.0,2147,11914.038619,2240853
23.0,2123,11925.519426,2242976
33.0,2141,11937.170441,2245117
25.0,2110,11948.66278,2247227
38.0,2164,11960.527436,2249391
31.0,2125,11972.095299,2251516
31.0,2144,11983.887387,2253660
28.0,2136,11995.47953,2255796
30.0,2129,12007.237932,2257925
30.0,2137,12018.870139,2260062
29.0,2138,12030.36564,2262200
28.0,2147,12042.034336,2264347
36.0,2154,12053.62729,2266501
31.0,2143,12065.260769,2268644
25.0,2128,12076.904918,2270772
30.0,2146,12088.51926,2272918
25.0,2142,12100.208339,2275060
33.0,2152,12111.99557,2277212
36.0,2119,12123.495358,2279331
31.0,2127,12135.116163,2281458
33.0,2144,12146.658039,2283602
28.0,2126,12158.340127,2285728
33.0,2169,12170.133028,2287897
30.0,2111,12181.660325,2290008
30.0,2131,12193.288229,2292139
30.0,2145,12204.778649,2294284
30.0,2138,12216.342318,2296422
32.0,2124,12227.888632,2298546
30.0,2114,12239.403468,2300660
28.0,2113,12250.965452,2302773
40.0,2146,12262.69367,2304919
30.0,2138,12274.381002,2307057
30.0,2129,12286.03335,2309186
28.0,2128,12297.566192,2311314
30.0,2143,12309.282246,2313457
23.0,2140,12320.984444,2315597
33.0,2158,12332.610091,2317755
33.0,2122,12344.040593,2319877
33.0,2146,12355.623686,2322023
20.0,2141,12367.226009,2324164
30.0,2140,12378.896522,2326304
30.0,2134,12390.455486,2328438
36.0,2126,12402.063048,2330564
34.0,2154,12413.720654,2332718
32.0,2118,12425.169877,2334836
28.0,2117,12436.843907,2336953
25.0,2134,12448.520605,2339087
31.0,2127,12460.103468,2341214
33.0,2141,12471.781315,2343355
27.0,2108,12483.257732,2345463
30.0,2144,12494.872015,2347607
37.0,2120,12506.412822,2349727
30.0,2112,12517.796561,2351839
31.0,2148,12529.460502,2353987
30.0,2138,12541.126773,2356125
30.0,2131,12552.726942,2358256
28.0,2126,12564.361039,2360382
28.0,2124,12575.816702,2362506
33.0,2135,12587.45811,2364641
28.0,2124,12599.133401,2366765
32.0,2146,12610.834371,2368911
30.0,2129,12622.456163,2371040
33.0,2133,12634.127252,2373173
36.0,2166,12645.81926,2375339
30.0,2124,12657.360826,2377463
30.0,2125,12668.844173,2379588
31.0,2138,12680.398989,2381726
27.0,2123,12691.936681,2383849
24.0,2130,12703.466524,2385979
28.0,2159,12715.292428,2388138
30.0,2139,12726.981355,2390277
29.0,2144,12738.734132,2392421
30.0,2151,12750.461585,2394572
28.0,2144,12762.110006,2396716
30.0,2143,12773.745295,2398859
31.0,2139,12785.412715,2400998
26.0,2121,12796.910962,2403119
28.0,2139,12808.542714,2405258
36.0,2177,12820.331803,2407435
26.0,2121,12831.774825,2409556
28.0,2123,12843.361138,2411679
39.0,2128,12855.045779,2413807
31.0,2123,12866.695115,2415930
29.0,2137,12878.21873,2418067
33.0,2141,12889.793194,2420208
27.0,2131,12901.354808,2422339
29.0,2150,12912.889897,2424489
30.0,2139,12924.485339,2426628
33.0,2138,12936.136668,2428766
31.0,2132,12947.71911,2430898
28.0,2154,12959.314074,2433052
26.0,2140,12970.994395,2435192
29.0,2147,12982.631241,2437339
30.0,2143,12994.124373,2439482
28.0,2136,13005.58463,2441618
33.0,2132,13017.025718,2443750
31.0,2105,13028.374004,2445855
30.0,2146,13039.826311,2448001
29.0,2166,13051.581128,2450167
30.0,2153,13063.17692,2452320
31.0,2153,13074.983571,2454473
28.0,2134,13086.580619,2456607
34.0,2144,13098.251362,2458751
33.0,2126,13109.942119,2460877
36.0,2115,13121.518401,2462992
30.0,2163,13133.187347,2465155
34.0,2144,13144.776122,2467299
28.0,2134,13156.358152,2469433
29.0,2151,13168.147712,2471584
26.0,2124,13179.760457,2473708
30.0,2130,13191.368891,2475838
34.0,2137,13202.909092,2477975
31.0,2142,13214.556358,2480117
28.0,2136,13226.149609,2482253
28.0,2127,13237.669431,2484380
30.0,2124,13249.181423,2486504
30.0,2126,13260.800297,2488630
33.0,2139,13272.289723,2490769
36.0,2145,13283.922158,2492914
32.0,2116,13295.386341,2495030
31.0,2165,13307.245935,2497195
33.0,2151,13319.016998,2499346
33.0,2143,13330.655813,2501489
30.0,2156,13342.538638,2503645
30.0,2115,13354.127936,2505760
21.0,2111,13365.593053,2507871
30.0,2126,13377.187858,2509997
26.0,2125,13388.647382,2512122
33.0,2114,13400.027339,2514236
30.0,2144,13411.492445,2516380
31.0,2119,13422.907109,2518499
35.0,2113,13434.462176,2520612
31.0,2117,13445.934532,2522729
35.0,2155,13457.608824,2524884
26.0,2139,13469.322586,2527023
30.0,2136,13481.002381,2529159
31.0,2100,13492.544279,2531259
31.0,2145,13504.245373,2533404
38.0,2141,13515.866794,2535545
36.0,2163,13527.627951,2537708
27.0,2117,13538.968986,2539825
30.0,2129,13550.497241,2541954
28.0,2168,13562.211339,2544122
38.0,2147,13573.8941,2546269
30.0,2137,13585.587074,2548406
36.0,2140,13597.212932,2550546
36.0,2137,13608.681908,2552683
31.0,2132,13620.337742,2554815
33.0,2139,13632.033197,2556954
30.0,2127,13643.586963,2559081
30.0,2154,13654.752646,2561235
33.0,2134,13666.567596,2563369
27.0,2118,13678.404008,2565487
36.0,2129,13690.322077,2567616
24.0,2114,13702.193003,2569730
30.0,2151,13714.100968,2571881
34.0,2139,13725.953173,2574020
36.0,2147,13737.769802,2576167
27.0,2158,13749.816131,2578325
28.0,2121,13761.609913,2580446
25.0,2105,13773.275045,2582551
30.0,2118,13785.110085,2584669
25.0,2108,13796.833205,2586777
27.0,2140,13808.683437,2588917
28.0,2129,13820.435493,2591046
30.0,2120,13832.276694,2593166
24.0,2115,13844.069536,2595281
32.0,2144,13856.03299,2597425
28.0,2157,13868.038838,2599582
30.0,2136,13879.864683,2601718
34.0,2161,13891.867594,2603879
33.0,2137,13903.824574,2606016
34.0,2126,13915.692771,2608142
28.0,2128,13927.523992,2610270
28.0,2135,13939.421934,2612405
28.0,2152,13951.30567,2614557
26.0,2133,13963.023272,2616690
30.0,2121,13974.768806,2618811
28.0,2150,13986.610181,2620961
24.0,2142,13998.550285,2623103
26.0,2112,14010.221453,2625215
26.0,2139,14022.112079,2627354
28.0,2120,14033.830417,2629474
28.0,2122,14045.729444,2631596
30.0,2127,14057.575627,2633723
30.0,2121,14069.33614,2635844
28.0,2144,14081.347925,2637988
28.0,2155,14093.472404,2640143
33.0,2144,14105.460665,2642287
28.0,2127,14117.235733,2644414
31.0,2153,14129.373808,2646567
30.0,2126,14141.307767,2648693
28.0,2141,14153.239291,2650834
25.0,2141,14165.068506,2652975
32.0,2119,14176.954126,2655094
26.0,2131,14188.817537,2657225
30.0,2133,14200.722091,2659358
38.0,2132,14212.653187,2661490
30.0,2124,14224.527543,2663614
33.0,2154,14236.674777,2665768
31.0,2140,14248.616097,2667908
25.0,2131,14260.54248,2670039
28.0,2120,14272.415942,2672159
36.0,2141,14284.351092,2674300
33.0,2126,14296.25934,2676426
29.0,2147,14308.204839,2678573
30.0,2112,14319.810027,2680685
30.0,2100,14331.656508,2682785
30.0,2154,14343.624735,2684939
31.0,2130,14355.771278,2687069
30.0,2125,14367.762638,2689194
26.0,2131,14379.666002,2691325
24.0,2117,14391.538207,2693442
33.0,2136,14403.521824,2695578
28.0,2133,14415.532306,2697711
26.0,2140,14427.527299,2699851
34.0,2145,14439.426751,2701996
30.0,2130,14451.226547,2704126
30.0,2131,14463.132249,2706257
30.0,2113,14474.915882,2708370
26.0,2137,14486.844312,2710507
31.0,2143,14498.794415,2712650
31.0,2132,14510.628163,2714782
26.0,2137,14522.606159,2716919
30.0,2128,14534.3977,2719047
30.0,2126,14546.184889,2721173
28.0,2151,14558.133436,2723324
30.0,2129,14569.92945,2725453
28.0,2135,14581.78528,2727588
28.0,2119,14594.0394,2729707
30.0,2145,14606.167779,2731852
30.0,2138,14618.062412,2733990
30.0,2129,14629.906787,2736119
34.0,2129,14641.717724,2738248
22.0,2122,14653.479861,2740370
28.0,2127,14665.165241,2742497
31.0,2133,14677.060424,2744630
32.0,2121,14688.916986,2746751
26.0,2128,14701.055715,2748879
36.0,2135,14713.575499,2751014
