#{"t_start": 1525020087.8698497, "env_id": "PongNoFrameskip-v4"}
r,l,t
-20.0,960,3.450017
-21.0,837,5.03359
-21.0,819,6.57015
-21.0,900,8.267482
-21.0,910,9.974358
-21.0,846,11.575349
-20.0,955,13.371479
-20.0,981,15.226684
-21.0,852,16.823946
-21.0,926,18.588022
-21.0,759,20.024823
-21.0,845,22.916639
-20.0,1227,27.874635
-20.0,898,31.521768
-21.0,868,35.057904
-17.0,1243,40.130488
-20.0,907,43.794734
-21.0,1043,48.038809
-21.0,824,51.36914
-20.0,915,55.079497
-19.0,1081,59.481448
-19.0,957,63.359611
-20.0,900,67.003708
-20.0,892,70.649264
-21.0,789,73.823829
-20.0,1021,77.955868
-21.0,786,81.138221
-20.0,1026,85.281088
-20.0,954,89.15676
-20.0,867,92.655375
-21.0,879,96.200619
-21.0,777,99.318494
-20.0,875,102.855371
-18.0,1084,107.234921
-20.0,927,110.99671
-20.0,1068,115.300929
-19.0,1025,119.446238
-20.0,926,123.213313
-21.0,995,127.228541
-20.0,961,131.091459
-20.0,867,134.5892
-20.0,943,138.409225
-20.0,955,142.268639
-21.0,813,145.536489
-20.0,1059,149.815592
-21.0,820,153.136516
-21.0,907,156.80971
-20.0,1022,160.924853
-21.0,849,164.321314
-21.0,825,167.60017
-21.0,812,170.868493
-21.0,791,174.017397
-21.0,906,177.635845
-21.0,897,181.232466
-16.0,1202,186.034653
-21.0,818,189.319031
-21.0,763,192.380763
-21.0,875,195.884734
-18.0,1086,200.354357
-19.0,990,204.321997
-21.0,906,207.944517
-21.0,757,210.99677
-21.0,839,214.382167
-21.0,847,217.772055
-20.0,1024,221.851804
-21.0,972,225.748806
-21.0,760,228.809681
-21.0,912,232.452734
-20.0,1002,236.451468
-21.0,818,239.714465
-21.0,847,243.1036
-19.0,1103,247.520752
-20.0,925,251.22543
-19.0,1013,255.279027
-21.0,822,258.570987
-20.0,1006,262.626032
-19.0,973,266.517021
-21.0,801,269.71126
-21.0,796,272.911372
-20.0,1019,276.982159
-20.0,1005,281.025358
-20.0,949,284.861718
-21.0,1020,288.973482
-20.0,840,292.354538
-20.0,946,296.151749
-20.0,1156,300.823861
-20.0,1018,304.908445
-20.0,946,308.754933
-21.0,817,312.054536
-21.0,970,315.971669
-20.0,837,319.341507
-21.0,926,323.050082
-20.0,920,326.773766
-19.0,1130,331.339416
-21.0,777,334.474106
-20.0,916,338.132718
-21.0,867,341.614923
-20.0,899,345.222506
-19.0,935,348.978635
-20.0,942,352.768633
-20.0,941,356.55949
-20.0,955,360.407889
-20.0,835,363.766141
-21.0,987,367.7321
-20.0,951,371.571957
-21.0,954,375.412141
-20.0,1055,379.663431
-21.0,953,383.492072
-18.0,1133,388.457413
-19.0,994,392.693747
-20.0,859,396.360239
-21.0,970,400.475254
-20.0,897,404.271774
-20.0,978,408.425064
-19.0,1095,413.060464
-19.0,1023,417.39135
-20.0,1038,421.795806
-20.0,1002,426.029174
-21.0,935,429.999051
-18.0,1263,435.423635
-20.0,901,439.424623
-18.0,1013,443.751395
-20.0,914,447.634016
-21.0,815,451.088078
-19.0,963,455.187533
-20.0,1064,459.694024
-20.0,840,463.236554
-19.0,1160,468.150932
-20.0,1111,473.005892
-20.0,839,476.568616
-20.0,1009,480.838738
-21.0,1074,485.400746
-20.0,893,489.167033
-19.0,1271,494.562407
-21.0,925,498.476005
-19.0,1054,502.933699
-20.0,956,506.967431
-18.0,1183,512.006189
-21.0,863,515.695258
-19.0,1029,520.05045
-20.0,988,524.228054
-20.0,1016,528.538829
-19.0,998,532.76443
-19.0,1188,537.791377
-18.0,1072,542.33906
-21.0,899,546.149839
-18.0,1247,551.464421
-20.0,1006,555.873931
-20.0,1164,560.812923
-20.0,975,564.942857
-21.0,1048,569.403375
-19.0,991,573.61303
-18.0,1200,578.688435
-19.0,964,582.804055
-21.0,954,586.855335
-19.0,1256,592.186481
-18.0,1186,597.220881
-20.0,1059,601.678602
-20.0,1011,605.785396
-20.0,995,609.793043
-21.0,958,613.659986
-19.0,1183,618.42643
-20.0,1178,623.183691
-20.0,991,627.183233
-19.0,1293,632.436576
-19.0,1292,637.651005
-18.0,1174,642.352408
-18.0,1219,647.258282
-17.0,1473,653.194045
-20.0,1056,657.469245
-19.0,1187,662.252558
-19.0,1018,666.374838
-20.0,1138,670.959092
-19.0,1233,675.936648
-18.0,1211,681.028693
-20.0,1039,685.228705
-19.0,1000,689.28364
-20.0,1049,693.554157
-17.0,1364,699.049757
-20.0,1011,703.126798
-20.0,1109,707.583385
-19.0,1170,712.2902
-21.0,987,716.263407
-18.0,1360,721.959637
-21.0,847,725.376395
-21.0,776,728.519958
-21.0,909,732.188878
-20.0,1102,736.661321
-20.0,1079,741.015432
-20.0,1008,745.052101
-21.0,1025,749.19223
-21.0,1065,753.488146
-20.0,1015,757.61553
-17.0,1232,762.569746
-21.0,1201,767.407606
-19.0,1046,771.617191
-18.0,1203,776.453564
-21.0,955,780.286952
-19.0,1100,784.718443
-20.0,907,788.37973
-17.0,1213,793.267187
-21.0,1018,797.36746
-20.0,1317,802.857555
-21.0,974,806.769567
-19.0,1314,812.056257
-21.0,969,815.998492
-16.0,1352,821.473491
-20.0,1128,826.053929
-21.0,855,829.490071
-20.0,1048,833.705696
-21.0,934,837.462557
-21.0,815,840.768247
-17.0,1667,847.455166
-21.0,1029,851.61036
-18.0,1409,857.273933
-20.0,1134,861.859016
-20.0,1003,865.885559
-14.0,1715,872.815365
-18.0,1298,878.053647
-20.0,1075,882.578736
-18.0,1179,887.374987
-20.0,984,891.341719
-21.0,1097,895.789201
-20.0,934,899.554237
-18.0,1187,904.323687
-18.0,1288,909.497629
-21.0,909,913.160708
-20.0,1015,917.257613
-18.0,1347,922.669808
-17.0,1210,927.54143
-15.0,1422,933.313899
-21.0,1031,937.458894
-19.0,1043,941.680773
-20.0,1179,946.41615
-16.0,1418,952.21198
-21.0,960,956.105416
-21.0,999,960.146
-20.0,1077,964.702302
-20.0,970,968.625764
-19.0,1251,973.68244
-19.0,1036,977.862443
-19.0,1227,982.800124
-18.0,1232,987.781102
-20.0,1143,992.392004
-17.0,1284,997.579451
-20.0,1208,1002.459148
-18.0,1263,1007.558439
-18.0,1514,1013.677748
-20.0,1144,1018.274423
-19.0,1225,1023.213718
-17.0,1333,1028.566651
-18.0,1470,1034.475595
-20.0,1069,1038.787449
-19.0,1351,1044.403971
-17.0,1297,1049.667026
-17.0,1333,1055.031865
-17.0,1483,1061.02495
-21.0,976,1064.956097
-12.0,1781,1072.143193
-18.0,1284,1077.333826
-20.0,1246,1082.389292
-19.0,1337,1087.996283
-18.0,1129,1092.533401
-21.0,895,1096.121126
-20.0,1168,1100.859506
-20.0,1255,1105.910357
-16.0,1405,1111.582741
-20.0,1188,1116.410425
-21.0,1101,1120.860089
-17.0,1687,1127.64243
-19.0,1219,1132.553498
-14.0,1728,1139.511855
-19.0,1162,1144.205129
-19.0,1169,1148.928851
-14.0,1561,1155.222764
-20.0,1132,1159.807456
-18.0,1136,1164.423574
-18.0,1189,1169.419442
-18.0,1243,1174.452562
-21.0,1191,1179.246201
-17.0,1216,1184.1331
-16.0,1316,1189.432956
-20.0,1280,1194.591516
-18.0,1217,1199.504935
-18.0,1074,1203.853148
-19.0,1052,1208.287595
-20.0,1139,1212.88599
-16.0,1515,1218.977235
-17.0,1420,1224.713026
-16.0,1560,1231.008662
-19.0,1304,1236.284986
-19.0,1026,1240.43015
-19.0,1203,1245.294977
-19.0,1207,1250.431665
-17.0,1413,1256.142805
-19.0,1184,1260.934589
-17.0,1299,1266.167827
-21.0,1094,1270.547721
-19.0,1292,1275.728281
-19.0,1190,1280.532013
-18.0,1389,1286.132896
-19.0,1118,1290.685116
-18.0,1209,1295.575917
-19.0,1070,1299.976275
-21.0,1068,1304.257328
-18.0,1146,1308.886343
-19.0,1056,1313.148252
-18.0,1051,1317.373771
-20.0,1033,1321.542979
-17.0,1691,1328.589995
-19.0,1410,1334.2736
-17.0,1193,1339.078892
-19.0,1271,1344.178544
-19.0,1191,1349.013635
-20.0,1074,1353.359332
-19.0,1177,1358.139421
-18.0,1240,1363.125878
-18.0,1617,1369.87835
-17.0,1373,1375.412996
-19.0,1185,1380.223794
-20.0,1189,1385.003821
-19.0,1225,1389.944327
-18.0,1386,1395.533818
-19.0,1211,1400.408436
-20.0,1230,1405.376595
-17.0,1319,1410.708147
-16.0,1449,1416.55742
-17.0,1341,1421.975984
-19.0,1135,1426.533744
-18.0,1084,1430.889255
-19.0,1301,1436.108889
-20.0,1346,1441.511948
-18.0,1264,1446.593268
-19.0,1215,1451.465299
-18.0,1224,1456.395369
-17.0,1391,1462.001021
-18.0,1637,1468.576296
-16.0,1919,1476.298394
-18.0,1539,1482.483084
-17.0,1339,1487.860091
-19.0,1514,1494.207035
-13.0,2242,1503.273294
-16.0,1390,1508.904887
-17.0,1456,1514.796051
-16.0,1667,1521.566251
-18.0,1542,1527.820417
-19.0,1439,1533.816224
-19.0,1220,1538.665703
-18.0,1402,1544.247556
-17.0,1448,1550.007931
-16.0,1369,1555.436452
-18.0,1695,1562.176295
-14.0,2217,1570.985427
-16.0,1718,1577.819716
-14.0,1702,1584.587008
-17.0,1613,1591.045672
-19.0,1409,1596.702995
-20.0,1289,1601.853073
-18.0,1248,1606.822657
-19.0,1312,1612.289037
-15.0,1815,1619.544876
-17.0,1462,1625.380951
-17.0,1649,1631.973086
-20.0,1182,1636.706091
-17.0,1497,1642.665519
-18.0,1241,1647.631859
-18.0,1385,1653.39502
-18.0,1484,1659.285886
-20.0,1057,1663.494513
-16.0,1386,1669.035228
-15.0,1625,1675.565704
-18.0,1442,1681.349811
-19.0,1182,1686.071447
-19.0,1224,1690.961939
-16.0,1676,1697.678529
-19.0,1593,1704.055124
-17.0,1687,1710.7955
-18.0,1628,1717.334769
-20.0,1074,1721.62342
-19.0,1224,1726.503095
-19.0,1456,1732.296576
-18.0,1400,1737.908518
-12.0,1908,1745.514363
-19.0,1362,1750.94377
-17.0,1530,1757.044654
-15.0,1560,1763.261293
-14.0,1734,1770.16169
-17.0,1424,1776.113093
-16.0,1552,1782.27927
-19.0,1204,1787.070366
-20.0,1411,1792.704838
-16.0,1806,1799.896061
-17.0,1276,1804.954695
-18.0,1727,1811.841407
-14.0,1993,1819.785219
-19.0,1224,1824.654882
-14.0,1695,1831.406235
-18.0,1637,1837.923798
-21.0,1229,1842.808446
-18.0,1660,1849.4124
-15.0,1469,1855.264571
-18.0,1566,1861.496856
-16.0,1600,1867.838709
-17.0,1399,1873.436142
-15.0,1662,1880.033409
-15.0,1751,1886.984893
-16.0,1728,1894.089089
-16.0,1786,1901.19279
-19.0,1250,1906.141693
-14.0,1699,1912.88748
-14.0,2099,1921.238634
-18.0,1715,1928.071173
-18.0,1523,1934.388625
-19.0,1420,1940.040508
-13.0,2023,1948.130867
-14.0,1905,1955.749929
-16.0,1812,1962.98743
-16.0,2217,1972.114195
-14.0,1920,1979.738443
-16.0,2028,1987.81029
-16.0,1640,1994.346225
-18.0,1599,2000.719985
-18.0,1804,2007.886534
-10.0,2327,2017.385269
-17.0,1881,2024.888088
-19.0,1618,2031.32554
-18.0,1386,2036.812742
-18.0,1765,2043.841404
-17.0,1502,2049.825718
-15.0,1568,2056.327655
-20.0,1751,2063.330291
-15.0,2187,2072.056914
-16.0,1636,2078.55427
-18.0,1526,2084.598639
-17.0,1529,2090.995172
-17.0,1761,2097.986778
-16.0,1881,2105.439467
-16.0,1584,2111.721164
-15.0,1669,2118.356442
-15.0,1916,2125.972615
-19.0,1565,2132.510233
-21.0,1607,2138.900821
-15.0,1960,2146.69974
-15.0,2280,2155.747091
-13.0,2106,2164.120912
-15.0,1766,2171.143513
-17.0,1885,2178.623495
-16.0,1795,2185.727387
-19.0,1524,2191.836869
-18.0,1763,2198.855737
-19.0,1296,2203.994708
-17.0,1602,2210.348181
-16.0,1556,2216.567734
-20.0,1565,2222.812497
-16.0,1578,2229.088662
-13.0,1895,2236.629012
-18.0,1591,2242.962025
-11.0,2134,2251.45388
-15.0,1599,2257.818799
-7.0,2434,2267.475136
-16.0,1694,2274.230334
-17.0,1727,2281.111077
-14.0,1685,2287.790006
-16.0,1598,2294.410484
-16.0,1790,2301.503989
-17.0,1803,2308.669888
-11.0,1994,2316.635369
-14.0,2004,2324.590831
-16.0,2050,2333.029832
-15.0,1852,2340.407029
-15.0,1869,2347.797155
-12.0,2169,2356.402224
-10.0,2272,2365.4213
-15.0,1706,2372.524796
-15.0,1557,2378.778335
-17.0,1657,2385.356772
-8.0,2234,2394.228647
-12.0,2185,2402.889494
-17.0,1802,2410.06566
-19.0,1466,2416.252481
-13.0,2122,2424.703092
-11.0,2084,2433.021188
-15.0,2052,2441.244028
-13.0,1966,2449.053532
-15.0,1748,2456.311963
-11.0,2059,2464.508159
-16.0,2028,2472.604636
-12.0,2006,2480.574613
-9.0,2471,2490.435517
-11.0,2162,2499.34583
-11.0,2598,2509.615736
-13.0,2212,2518.399879
-10.0,2481,2528.215295
-12.0,2278,2537.666463
-15.0,2099,2545.953363
-5.0,3223,2558.728671
-9.0,2728,2569.572995
-14.0,2129,2578.347643
-14.0,2148,2586.87861
-13.0,2146,2595.441985
-15.0,2288,2604.11456
-16.0,1509,2609.708775
-15.0,1766,2616.977279
-9.0,2886,2628.261766
-15.0,1985,2636.044577
-11.0,2389,2645.413785
-9.0,2663,2655.87516
-8.0,2601,2665.501118
-14.0,1948,2672.714163
-10.0,2259,2681.075176
-16.0,2168,2689.505703
-10.0,2429,2698.972377
-9.0,2448,2708.479249
-12.0,2648,2718.715384
-3.0,3361,2731.837191
-10.0,2795,2742.146981
-11.0,2516,2751.415706
-6.0,3052,2762.672055
-14.0,1756,2769.809789
-11.0,2122,2778.041848
-14.0,2055,2786.010044
-4.0,3034,2797.794036
-10.0,2308,2807.104353
-2.0,3509,2820.710369
-7.0,2577,2830.736432
-7.0,2509,2840.500603
-6.0,3103,2852.883177
3.0,3605,2866.836917
-10.0,2967,2878.322052
-7.0,2640,2888.892283
-1.0,3543,2902.634722
-2.0,3317,2915.562902
-2.0,2976,2927.448789
-9.0,2962,2938.964821
-11.0,2171,2947.361048
-11.0,2703,2957.867614
-9.0,3049,2970.112611
-4.0,3110,2982.146924
-7.0,2628,2992.323059
2.0,3931,3007.961946
-9.0,2523,3017.699808
-2.0,3224,3030.167642
-6.0,3069,3042.439331
-4.0,3776,3057.118714
-10.0,3689,3071.471599
1.0,3537,3085.574422
-5.0,3307,3098.456546
-6.0,2931,3109.926116
-9.0,2555,3120.318942
-7.0,3002,3131.993065
2.0,3687,3146.34032
8.0,3691,3161.133642
-2.0,3825,3176.032464
5.0,3307,3188.926963
6.0,3036,3201.255182
-8.0,2978,3212.88749
-3.0,3699,3227.304226
14.0,2278,3236.603359
8.0,3202,3249.07966
4.0,2887,3260.285704
3.0,3077,3272.279254
9.0,2842,3283.807911
11.0,2900,3295.110147
1.0,3483,3308.708447
8.0,3096,3321.194269
9.0,3069,3333.148656
9.0,2757,3343.931301
7.0,3262,3357.05971
13.0,2610,3367.210385
11.0,2841,3378.246952
6.0,3484,3391.799822
15.0,2142,3400.731935
15.0,2544,3410.678268
11.0,2857,3421.827706
10.0,2399,3431.189676
2.0,3339,3444.604055
13.0,2453,3454.201862
11.0,2750,3464.922959
4.0,2950,3476.8678
15.0,2682,3487.365359
16.0,2377,3496.646941
10.0,2919,3508.045012
11.0,2760,3519.268891
-6.0,2468,3528.862262
13.0,2585,3538.921105
16.0,2149,3547.243061
9.0,2959,3559.231113
7.0,3260,3571.921311
14.0,2334,3580.970503
16.0,2149,3589.268749
10.0,2578,3599.791671
15.0,2230,3607.998975
15.0,2012,3615.384333
20.0,1865,3622.239588
15.0,2250,3631.130096
17.0,2288,3639.99441
16.0,2141,3648.325417
17.0,2372,3657.514844
10.0,2971,3669.540284
21.0,1646,3675.917231
20.0,1707,3682.562169
13.0,2287,3691.427116
8.0,3399,3704.612954
14.0,2391,3714.363446
17.0,2114,3722.570565
17.0,1843,3729.724804
19.0,1971,3737.359768
12.0,2475,3747.384113
14.0,2692,3757.284541
15.0,2026,3764.835574
17.0,2416,3773.824354
13.0,2780,3784.798476
18.0,1948,3792.436976
17.0,2144,3801.013663
17.0,2035,3809.427345
11.0,2167,3818.512055
18.0,2051,3827.344818
20.0,1737,3834.499042
19.0,2030,3842.917364
19.0,1965,3851.078562
20.0,1967,3859.239621
17.0,1925,3867.654542
18.0,2054,3875.771282
18.0,1875,3883.154518
17.0,2062,3891.20858
20.0,1872,3898.695896
13.0,2439,3908.921391
18.0,1914,3916.814128
21.0,1750,3924.051873
21.0,1695,3931.189278
20.0,1742,3938.387057
21.0,1701,3945.427023
19.0,1872,3953.42365
21.0,1688,3960.072005
20.0,1664,3966.590833
20.0,1746,3973.430102
20.0,1787,3980.41706
20.0,1728,3987.211434
21.0,1689,3994.415965
21.0,1690,4001.033355
20.0,1661,4007.546849
20.0,1734,4014.372733
20.0,1712,4021.083045
20.0,1768,4028.611817
20.0,1678,4035.318009
20.0,1692,4041.924043
20.0,1752,4048.487779
20.0,1690,4054.77743
21.0,1768,4061.337987
20.0,1700,4068.324363
20.0,1660,4075.120198
20.0,1719,4082.171782
19.0,1991,4090.36766
19.0,1904,4098.196512
19.0,1787,4105.540174
20.0,1665,4112.531439
20.0,1663,4118.731545
20.0,1671,4125.07064
20.0,1714,4131.747793
21.0,1697,4138.372999
18.0,2171,4146.862954
20.0,1669,4153.999791
19.0,1838,4161.203772
21.0,1693,4167.847505
21.0,1693,4174.522153
20.0,1671,4181.074552
18.0,2002,4189.438084
20.0,1693,4196.055267
20.0,1670,4202.5495
19.0,1845,4209.396071
18.0,1915,4216.542593
17.0,1829,4223.370413
20.0,1667,4230.368824
18.0,1770,4237.384744
21.0,1693,4244.04945
20.0,1686,4250.704873
19.0,1824,4257.93482
20.0,1662,4264.496719
19.0,1732,4271.610773
20.0,1753,4278.161335
20.0,1657,4284.657749
21.0,1755,4291.644575
19.0,1802,4298.773793
20.0,1721,4306.147276
18.0,1969,4314.347502
21.0,1644,4321.207541
21.0,1808,4328.705358
20.0,1787,4336.138037
21.0,1646,4342.958101
20.0,1753,4350.678719
18.0,1866,4358.050275
20.0,1791,4364.964464
19.0,1816,4371.769519
21.0,1648,4377.930216
20.0,1887,4385.00216
21.0,1644,4392.309173
14.0,2322,4401.935565
21.0,1690,4408.95477
20.0,1733,4416.178259
20.0,1725,4423.358992
19.0,1907,4431.610224
21.0,1755,4438.170303
20.0,1669,4444.872881
19.0,1995,4453.145362
21.0,1644,4459.989976
19.0,1713,4467.129614
19.0,1968,4475.873598
20.0,1762,4483.156414
21.0,1645,4489.957974
20.0,1822,4497.455027
19.0,1789,4504.920683
20.0,1663,4512.430938
20.0,1659,4519.315881
20.0,1681,4526.263727
21.0,1692,4532.95265
19.0,1783,4540.006327
19.0,1835,4547.273345
20.0,1779,4554.959386
20.0,1666,4561.876224
19.0,1776,4569.226099
19.0,1795,4576.636263
19.0,1780,4583.973354
19.0,1940,4591.983748
20.0,1770,4599.375919
19.0,1803,4606.212766
21.0,1694,4612.92808
20.0,1761,4619.955384
20.0,1754,4626.866833
18.0,1978,4635.348459
21.0,1770,4642.669375
21.0,1769,4650.014454
20.0,1739,4657.216509
21.0,1693,4664.202225
18.0,1971,4672.340667
21.0,1689,4679.347453
20.0,1779,4686.717298
19.0,1753,4693.951213
21.0,1648,4700.785855
21.0,1645,4707.698085
20.0,1976,4716.085606
21.0,1693,4723.253061
19.0,1877,4731.164159
21.0,1692,4738.343848
19.0,1721,4745.616535
21.0,1709,4752.97789
21.0,1730,4760.261995
20.0,1743,4767.705991
21.0,1695,4774.868186
21.0,1694,4781.990124
19.0,1811,4789.600444
20.0,1780,4797.11332
19.0,1877,4805.031562
18.0,2234,4814.462046
19.0,1860,4822.4708
20.0,1782,4830.032915
18.0,2037,4838.5948
20.0,1743,4845.965517
20.0,1722,4853.194681
20.0,1739,4860.55881
20.0,1707,4867.763112
18.0,1909,4875.83505
20.0,1771,4883.291239
20.0,1666,4890.358696
19.0,1792,4897.974952
17.0,1928,4906.153349
21.0,1688,4913.288116
19.0,1807,4920.940629
20.0,1848,4928.726658
20.0,1655,4935.701717
18.0,2148,4944.751022
19.0,1814,4952.487247
21.0,1665,4959.514439
18.0,1842,4967.272799
21.0,1688,4974.379252
20.0,1789,4981.946263
19.0,1960,4990.196034
19.0,1835,4997.93957
20.0,1721,5005.183886
20.0,1810,5012.797221
19.0,1742,5020.107702
19.0,1833,5027.84388
18.0,1948,5036.021471
19.0,1822,5043.678867
20.0,1727,5050.938737
21.0,1648,5057.874046
21.0,1714,5065.082835
21.0,1631,5071.992136
20.0,1744,5079.342745
20.0,1691,5086.491729
20.0,1692,5093.627479
20.0,1662,5100.639629
20.0,1696,5107.774985
19.0,1785,5115.296427
21.0,1694,5122.439145
20.0,1739,5129.759037
21.0,1648,5136.698658
19.0,1812,5144.329818
20.0,1687,5151.46292
21.0,1627,5158.331051
18.0,1927,5166.454274
20.0,1689,5173.572947
20.0,1809,5181.212065
20.0,1714,5188.427665
21.0,1643,5195.402097
21.0,1809,5202.99527
21.0,1624,5209.812691
17.0,1863,5217.687923
20.0,1700,5224.857286
19.0,1800,5232.427639
20.0,1720,5239.660699
21.0,1625,5246.481335
20.0,1818,5254.177598
20.0,1693,5261.331964
19.0,1841,5269.136301
20.0,1744,5276.556375
20.0,1700,5283.773157
20.0,1808,5291.456271
20.0,1726,5298.778188
20.0,1671,5305.872289
20.0,1701,5313.120896
20.0,1722,5320.442347
21.0,1690,5327.618602
18.0,1818,5335.354759
19.0,1719,5342.665535
19.0,1805,5350.317653
20.0,1696,5357.506275
21.0,1650,5364.507106
18.0,1925,5372.70225
20.0,1688,5379.853427
19.0,1768,5387.356035
21.0,1661,5394.460628
20.0,1721,5401.780214
3.0,2368,5411.880407
20.0,1739,5419.272808
20.0,1747,5426.724158
20.0,1668,5433.813941
21.0,1769,5441.315368
21.0,1648,5448.326378
19.0,1762,5455.776179
21.0,1625,5462.705792
20.0,1666,5469.798081
21.0,1648,5476.793104
21.0,1647,5483.798766
19.0,1765,5491.309065
19.0,1696,5498.524717
21.0,1680,5505.621079
21.0,1644,5512.598231
20.0,1739,5519.974666
21.0,1648,5526.945242
19.0,1928,5535.106228
21.0,1708,5542.357476
20.0,1716,5549.644084
20.0,1781,5557.190786
15.0,1896,5565.196898
21.0,1647,5572.181485
19.0,1789,5579.786705
20.0,1673,5586.87488
19.0,1815,5594.582791
21.0,1650,5601.586648
20.0,1723,5608.930032
14.0,1919,5617.121737
20.0,1717,5624.407316
14.0,2246,5633.905123
21.0,1713,5641.157079
21.0,1620,5647.999172
20.0,1680,5655.053133
20.0,1710,5662.29189
20.0,1701,5669.485542
20.0,1739,5676.820056
19.0,1921,5684.941853
20.0,1681,5692.068222
20.0,1862,5699.929411
21.0,1693,5707.064107
20.0,1723,5714.342089
20.0,1665,5721.362298
20.0,1700,5728.515165
20.0,1717,5735.791869
20.0,1674,5742.839022
21.0,1621,5749.692951
21.0,1621,5756.494618
17.0,2038,5765.102867
20.0,1678,5772.200381
21.0,1621,5779.0406
21.0,1640,5785.961415
20.0,1686,5793.054782
19.0,1730,5800.328957
18.0,1940,5808.463257
21.0,1647,5815.348364
21.0,1621,5822.165826
20.0,1685,5829.304109
19.0,1742,5836.644706
21.0,1649,5843.61589
18.0,2094,5852.501377
20.0,1762,5859.961177
20.0,1829,5867.67586
20.0,1711,5874.903549
21.0,1649,5881.879035
20.0,1736,5889.195932
20.0,1703,5896.378909
18.0,1865,5904.231577
19.0,1770,5911.70787
20.0,1724,5918.980196
20.0,1690,5926.083501
15.0,1898,5934.069512
20.0,1715,5941.347215
20.0,1688,5948.502616
20.0,1682,5955.596293
20.0,1708,5962.793242
19.0,1777,5970.311669
20.0,1697,5977.478923
21.0,1645,5984.403973
20.0,1694,5991.556668
21.0,1631,5998.425958
19.0,1849,6006.224988
21.0,1686,6013.347313
19.0,1917,6021.418605
20.0,1747,6028.767971
21.0,1663,6035.748941
19.0,1883,6043.684891
20.0,1753,6051.033174
21.0,1644,6057.935917
20.0,1663,6064.930025
21.0,1681,6072.029201
20.0,1722,6079.27882
21.0,1649,6086.242682
20.0,1694,6093.475094
20.0,1707,6100.708079
21.0,1644,6107.634618
20.0,1669,6114.665797
20.0,1779,6122.182
21.0,1664,6129.157766
19.0,1775,6136.596457
21.0,1653,6143.533464
21.0,1625,6150.3829
20.0,1774,6158.394613
20.0,1712,6165.294551
20.0,1694,6172.110499
21.0,1815,6179.415131
21.0,1622,6185.931249
18.0,1916,6193.630386
19.0,1749,6200.63672
20.0,1698,6207.484483
21.0,1620,6213.999604
20.0,1690,6220.905482
21.0,1624,6227.400754
20.0,1667,6234.074427
21.0,1701,6240.893593
21.0,1648,6247.536717
20.0,1736,6254.510886
20.0,1729,6261.466533
18.0,1795,6268.673978
20.0,1744,6275.692903
20.0,1693,6282.531368
20.0,1929,6290.383948
21.0,1630,6296.941188
20.0,1683,6303.709326
21.0,1622,6310.211077
21.0,1632,6316.718843
13.0,2031,6324.948237
21.0,1667,6331.698133
21.0,1635,6338.267815
19.0,1779,6345.372081
19.0,1760,6352.41679
21.0,1646,6359.662524
21.0,1646,6366.619108
20.0,1747,6373.976194
18.0,1855,6381.846469
18.0,1940,6390.097069
20.0,1695,6397.263454
19.0,1773,6404.788779
20.0,1712,6412.030598
19.0,1854,6419.899008
21.0,1652,6426.910184
21.0,1624,6433.846151
20.0,1702,6441.100138
19.0,1839,6448.907694
20.0,1663,6455.979338
20.0,1762,6463.469892
19.0,1866,6471.40172
19.0,1837,6479.195716
21.0,1671,6486.292663
19.0,1757,6493.459172
21.0,1715,6500.455255
21.0,1648,6507.119576
19.0,1743,6514.169479
19.0,1743,6521.240628
19.0,1797,6528.499527
20.0,1770,6535.999549
19.0,1842,6543.843886
20.0,1711,6551.120067
20.0,1693,6558.307157
21.0,1691,6565.529582
20.0,1745,6572.904887
20.0,1695,6579.77448
20.0,1658,6586.456567
21.0,1650,6593.122869
21.0,1647,6599.787866
21.0,1647,6606.405249
19.0,1763,6613.572336
19.0,1874,6621.555624
18.0,1869,6629.487192
20.0,1682,6636.60755
20.0,1798,6644.23468
17.0,1841,6652.057316
20.0,1693,6659.049816
21.0,1647,6665.669078
20.0,1669,6672.42808
19.0,1811,6679.895839
19.0,1750,6686.951985
20.0,1696,6693.819634
18.0,1832,6701.545561
20.0,1711,6708.818054
19.0,1847,6716.665526
18.0,2055,6725.442878
11.0,2831,6737.487122
21.0,1643,6744.153687
20.0,1666,6750.914739
20.0,1805,6758.284265
21.0,1624,6764.858479
21.0,1623,6771.408513
18.0,1910,6779.352433
19.0,1927,6787.557977
19.0,1782,6795.186118
21.0,1695,6802.397044
21.0,1691,6809.591207
21.0,1642,6816.582255
21.0,1638,6823.434183
20.0,1684,6830.254346
20.0,1711,6837.165191
20.0,1784,6844.383617
21.0,1685,6851.201119
21.0,1715,6858.138012
21.0,1623,6864.956417
20.0,1695,6872.153857
21.0,1669,6879.275844
21.0,1652,6886.248509
21.0,1912,6894.297673
20.0,1692,6901.450424
21.0,1704,6908.467137
21.0,1660,6915.175969
20.0,1690,6921.995271
21.0,1653,6928.630074
20.0,1715,6935.567326
20.0,1692,6942.393646
19.0,1826,6949.996122
17.0,1974,6958.321095
20.0,1739,6965.656488
20.0,1785,6973.194458
21.0,1687,6980.308783
21.0,1785,6987.796976
21.0,1667,6994.527659
21.0,1653,7001.200759
20.0,1748,7008.230964
21.0,1665,7014.931727
18.0,1878,7022.529372
17.0,2032,7030.879565
17.0,2104,7039.728601
21.0,1653,7046.668443
21.0,1691,7053.797718
21.0,1646,7060.766035
20.0,1895,7068.741791
20.0,1665,7075.468935
21.0,1854,7082.949892
19.0,1845,7090.375851
21.0,1648,7097.00225
21.0,1649,7103.62854
21.0,1652,7110.337818
18.0,2029,7118.897856
21.0,1671,7125.953938
21.0,1670,7132.959254
20.0,1823,7140.657695
21.0,1652,7147.590631
19.0,1744,7154.797445
21.0,1642,7161.431231
21.0,1664,7168.110132
21.0,1650,7174.744617
21.0,1654,7181.420458
19.0,1811,7188.724953
21.0,1649,7195.503073
21.0,1644,7202.471143
21.0,1653,7209.46243
21.0,1651,7216.404958
21.0,1649,7223.358529
21.0,1666,7230.420453
21.0,1663,7237.300935
21.0,1702,7244.162223
20.0,1786,7251.318021
21.0,1653,7257.957767
21.0,1653,7264.627713
21.0,1651,7271.257847
20.0,1657,7278.556172
20.0,1735,7285.494841
21.0,1648,7292.116957
20.0,1708,7298.986923
20.0,1701,7305.788762
21.0,1654,7312.433913
20.0,1777,7319.533785
21.0,1650,7326.130464
21.0,1653,7332.755263
20.0,1731,7339.642699
-16.0,1304,7344.844869
20.0,1662,7351.486978
17.0,1847,7358.899093
18.0,1934,7366.767607
12.0,2384,7376.746575
21.0,1651,7383.511902
21.0,1689,7390.261815
18.0,1850,7397.642881
20.0,1725,7404.535615
18.0,1815,7411.781266
20.0,1761,7418.824663
21.0,1651,7425.649499
20.0,1768,7433.044266
21.0,1646,7439.948122
18.0,1846,7447.603793
20.0,1662,7454.284019
20.0,1724,7461.198949
21.0,1668,7467.499931
20.0,1823,7474.353639
21.0,1653,7480.560862
21.0,1647,7486.843938
20.0,1662,7493.420754
19.0,1871,7500.891342
20.0,1696,7507.969013
21.0,1651,7514.853458
18.0,1866,7522.661426
21.0,1644,7529.37994
21.0,1652,7535.936486
20.0,1680,7542.578323
21.0,1646,7548.782827
21.0,1643,7554.949749
20.0,1733,7561.495422
21.0,1649,7567.883572
19.0,1744,7574.796418
21.0,1650,7581.428228
20.0,1722,7588.643043
20.0,1725,7595.890595
21.0,1648,7602.803439
21.0,1653,7609.531987
21.0,1647,7616.211783
20.0,1713,7622.938836
21.0,1653,7629.140017
21.0,1671,7635.369965
21.0,1646,7641.53495
21.0,1647,7647.883426
20.0,1697,7654.599875
20.0,1744,7661.596971
21.0,1650,7668.464087
20.0,1724,7675.643467
21.0,1645,7682.496041
18.0,1789,7689.959116
16.0,1972,7698.274161
21.0,1649,7705.03624
21.0,1649,7711.691337
21.0,1651,7718.37441
21.0,1647,7725.006787
20.0,1760,7732.105543
21.0,1726,7739.113271
21.0,1652,7745.973339
20.0,1660,7752.982294
21.0,1695,7760.149455
21.0,1646,7767.000463
21.0,1652,7774.019153
21.0,1643,7780.972047
21.0,1670,7788.051762
20.0,1790,7795.613046
21.0,1645,7802.585234
20.0,1719,7809.872506
20.0,1711,7816.76934
21.0,1649,7823.371944
21.0,1667,7830.004275
12.0,2073,7838.323146
21.0,1668,7845.107351
20.0,1685,7851.987176
21.0,1644,7858.913074
20.0,1695,7866.063437
21.0,1645,7872.700683
20.0,1739,7879.670412
21.0,1645,7886.257815
21.0,1667,7892.867834
21.0,1690,7899.264389
21.0,1643,7905.438918
19.0,1777,7912.470675
20.0,1738,7919.343448
20.0,1713,7926.133922
18.0,1832,7933.38525
21.0,1646,7939.902683
21.0,1648,7946.321272
21.0,1653,7952.556105
20.0,1707,7958.958252
21.0,1645,7965.087245
20.0,1727,7971.566965
21.0,1649,7977.775101
21.0,1668,7984.096479
18.0,1830,7991.302835
20.0,1734,7998.152286
21.0,1765,8005.147336
21.0,1648,8012.022397
19.0,1801,8019.322675
21.0,1647,8026.031259
21.0,1649,8032.851286
21.0,1644,8039.692446
19.0,1756,8046.969913
20.0,1710,8054.072844
21.0,1648,8060.84443
21.0,1664,8067.251603
20.0,1710,8073.708434
21.0,1666,8080.672831
21.0,1688,8087.34725
21.0,1670,8093.927895
16.0,1835,8101.189734
