#{"t_start": 1525452676.053032, "env_id": "BeamRiderNoFrameskip-v4"}
r,l,t,i
440.0,1680,9.172828,1679
572.0,1956,17.266982,3635
484.0,1183,22.016583,4818
308.0,1240,27.024699,6058
220.0,1458,32.953337,7516
440.0,1293,38.2455,8809
484.0,1742,45.371794,10551
176.0,914,49.085345,11465
528.0,1344,54.504894,12809
176.0,1104,58.986923,13913
616.0,2105,67.49237,16018
528.0,1479,73.534565,17497
264.0,1423,79.284147,18920
264.0,1114,83.787138,20034
352.0,1126,88.329567,21160
572.0,1720,95.296896,22880
660.0,1985,103.350899,24865
756.0,2648,114.240434,27513
220.0,1267,119.43452,28780
572.0,1552,125.791101,30332
352.0,950,129.610804,31282
352.0,1392,135.232332,32674
396.0,1197,140.098004,33871
660.0,1997,148.48688,35868
308.0,1087,152.948639,36955
352.0,888,156.519109,37843
440.0,1351,161.962406,39194
264.0,877,165.695898,40071
528.0,1308,171.004756,41379
804.0,2688,181.900688,44067
572.0,2036,190.146924,46103
572.0,1864,199.096516,47967
616.0,1449,207.352376,49416
440.0,1494,215.804953,50910
352.0,1587,224.779738,52497
220.0,878,229.701531,53375
440.0,1136,236.042875,54511
264.0,1401,243.909195,55912
264.0,1039,249.908217,56951
220.0,938,255.228307,57889
440.0,1231,262.887249,59120
756.0,1698,273.713635,60818
308.0,1240,281.594704,62058
440.0,1492,291.068065,63550
396.0,1475,299.659557,65025
660.0,2182,312.325741,67207
220.0,926,317.524559,68133
396.0,1363,325.155262,69496
396.0,1510,333.748498,71006
440.0,1481,342.184139,72487
528.0,1207,349.131192,73694
528.0,1624,358.460478,75318
572.0,1460,366.940328,76778
264.0,1098,373.195964,77876
132.0,1065,379.24024,78941
616.0,2148,391.44563,81089
484.0,1532,400.178436,82621
484.0,1581,409.16893,84202
308.0,1355,416.899216,85557
396.0,1323,424.375881,86880
264.0,1020,430.151383,87900
352.0,1269,437.470501,89169
572.0,1288,444.94252,90457
308.0,1286,452.239303,91743
308.0,1161,458.953005,92904
900.0,2338,472.468777,95242
352.0,1319,480.021878,96561
572.0,1362,487.859981,97923
396.0,1931,498.865434,99854
308.0,854,503.726391,100708
308.0,1340,511.296154,102048
572.0,1754,521.261594,103802
440.0,1179,528.068439,104981
528.0,1486,536.458106,106467
352.0,1109,542.739794,107576
396.0,1217,549.668485,108793
308.0,1338,557.209034,110131
616.0,1458,565.447037,111589
396.0,1019,571.129236,112608
484.0,1405,579.038653,114013
572.0,1415,587.206424,115428
308.0,1219,594.11984,116647
308.0,1143,600.702969,117790
264.0,1080,606.839073,118870
440.0,1756,616.96729,120626
264.0,950,622.404826,121576
352.0,1485,630.845196,123061
132.0,745,635.081485,123806
396.0,1292,642.485471,125098
396.0,1423,650.530777,126521
440.0,1712,660.383628,128233
528.0,1534,669.177641,129767
660.0,1800,679.247769,131567
440.0,1023,685.063112,132590
756.0,1761,695.03846,134351
132.0,1268,702.230698,135619
396.0,1682,711.678501,137301
264.0,884,716.634745,138185
220.0,901,721.705844,139086
176.0,990,727.311362,140076
220.0,1135,733.774151,141211
132.0,965,739.275044,142176
484.0,1664,748.691232,143840
264.0,1381,756.622754,145221
572.0,1677,766.070965,146898
616.0,1383,773.961758,148281
308.0,1090,780.146835,149371
264.0,924,785.380768,150295
616.0,1794,795.559325,152089
396.0,1298,802.888709,153387
528.0,1277,809.974614,154664
440.0,1589,818.988471,156253
264.0,1116,825.273703,157369
484.0,1484,833.45455,158853
660.0,1805,843.680811,160658
352.0,1019,849.280372,161677
352.0,1640,858.404588,163317
660.0,1748,868.217894,165065
352.0,1057,874.136092,166122
264.0,1167,880.705672,167289
264.0,901,885.777006,168190
484.0,1457,893.954682,169647
484.0,1384,901.693969,171031
396.0,1177,908.277457,172208
352.0,1086,914.378558,173294
396.0,1081,920.467988,174375
264.0,994,926.122972,175369
264.0,1437,934.246983,176806
220.0,875,939.229696,177681
308.0,1115,945.593154,178796
132.0,1073,951.606309,179869
308.0,1198,958.350343,181067
352.0,1228,965.179716,182295
308.0,1503,973.626825,183798
176.0,1132,979.97697,184930
440.0,1465,988.155369,186395
220.0,1000,993.732,187395
440.0,1376,1001.371859,188771
804.0,2169,1013.664473,190940
308.0,1148,1020.140769,192088
396.0,1181,1026.831764,193269
264.0,1016,1032.544554,194285
572.0,1593,1041.523011,195878
440.0,1290,1048.80784,197168
484.0,1093,1054.956504,198261
616.0,1677,1064.379816,199938
572.0,1692,1074.056231,201630
660.0,1604,1083.089301,203234
308.0,1335,1090.578763,204569
484.0,1054,1096.507061,205623
660.0,1427,1104.538404,207050
308.0,1158,1111.023696,208208
708.0,2297,1124.049219,210505
440.0,1755,1134.02173,212260
308.0,1175,1140.724743,213435
484.0,1195,1147.430462,214630
220.0,884,1152.371263,215514
708.0,2127,1164.336228,217641
352.0,1521,1173.022589,219162
528.0,1426,1181.04355,220588
396.0,1344,1188.751729,221932
528.0,1479,1197.108991,223411
756.0,2291,1209.952331,225702
440.0,1341,1217.473361,227043
484.0,1239,1224.41197,228282
572.0,1791,1234.569934,230073
1284.0,3129,1252.208863,233202
572.0,1356,1259.772309,234558
660.0,2150,1271.88272,236708
88.0,964,1277.25576,237672
572.0,1547,1285.911523,239219
396.0,1243,1292.873923,240462
484.0,1294,1300.128887,241756
852.0,2404,1313.681293,244160
528.0,1589,1322.656528,245749
484.0,1495,1331.011634,247244
572.0,1146,1337.398572,248390
440.0,1474,1345.657175,249864
396.0,1349,1353.284183,251213
352.0,1148,1359.660345,252361
308.0,1465,1367.857345,253826
440.0,1367,1375.446142,255193
484.0,1038,1381.218648,256231
308.0,1348,1388.784325,257579
756.0,1857,1399.091584,259436
616.0,1836,1409.346804,261272
264.0,984,1414.863966,262256
440.0,1053,1420.762471,263309
440.0,1178,1427.375976,264487
352.0,1126,1433.732181,265613
572.0,1175,1440.345177,266788
572.0,1523,1448.885223,268311
352.0,1214,1455.707283,269525
176.0,953,1461.0616,270478
708.0,2085,1472.851978,272563
440.0,1555,1481.600603,274118
132.0,949,1486.930996,275067
756.0,2349,1500.090067,277416
308.0,922,1505.286841,278338
440.0,1214,1512.068637,279552
308.0,776,1516.433056,280328
572.0,1248,1523.464982,281576
264.0,920,1528.648611,282496
440.0,1210,1535.463843,283706
132.0,871,1540.326417,284577
440.0,1126,1546.722477,285703
660.0,2177,1559.029756,287880
528.0,1601,1568.175121,289481
264.0,1005,1573.904271,290486
572.0,1566,1582.729942,292052
264.0,926,1587.97399,292978
220.0,997,1593.613335,293975
396.0,974,1599.095968,294949
396.0,1487,1607.526176,296436
220.0,1108,1613.769832,297544
572.0,1703,1623.402274,299247
220.0,899,1628.485555,300146
396.0,1040,1634.317391,301186
440.0,1246,1641.277148,302432
660.0,1723,1650.919166,304155
528.0,1479,1659.223698,305634
484.0,1258,1666.285873,306892
264.0,857,1671.059208,307749
660.0,1321,1678.488312,309070
572.0,1329,1685.965978,310399
352.0,1629,1695.252,312028
396.0,967,1700.707747,312995
616.0,1531,1709.392298,314526
616.0,1629,1718.651153,316155
352.0,966,1724.17585,317121
528.0,1258,1731.295571,318379
484.0,1213,1738.097257,319592
572.0,1364,1745.817064,320956
484.0,1449,1753.946481,322405
616.0,1978,1765.149472,324383
484.0,1083,1771.206356,325466
308.0,878,1776.123386,326344
440.0,1090,1782.177992,327434
264.0,862,1786.923145,328296
660.0,1532,1795.551708,329828
440.0,1479,1803.896009,331307
528.0,1391,1811.725425,332698
528.0,1555,1820.451913,334253
396.0,1281,1827.574692,335534
484.0,1389,1835.39545,336923
264.0,915,1840.512284,337838
660.0,1385,1848.365924,339223
484.0,1271,1855.512928,340494
660.0,1934,1866.51744,342428
396.0,1219,1873.398699,343647
660.0,1606,1882.486229,345253
440.0,1205,1889.35645,346458
572.0,1383,1897.193432,347841
220.0,871,1902.112127,348712
132.0,918,1907.290035,349630
1092.0,2222,1919.875075,351852
572.0,1215,1926.683883,353067
352.0,962,1932.115919,354029
756.0,1449,1940.357726,355478
440.0,1005,1946.035194,356483
572.0,1174,1952.615259,357657
440.0,1245,1959.67619,358902
660.0,1535,1968.272098,360437
660.0,1158,1974.804492,361595
616.0,1551,1983.574121,363146
308.0,1087,1989.722081,364233
660.0,1797,1999.794366,366030
440.0,982,2005.282132,367012
440.0,961,2010.703501,367973
660.0,1171,2017.332663,369144
572.0,1388,2025.249627,370532
660.0,1364,2032.974617,371896
484.0,1492,2042.856148,373388
616.0,1540,2051.9562,374928
352.0,1109,2058.283724,376037
484.0,1345,2066.123229,377382
660.0,1536,2074.931113,378918
528.0,991,2080.683264,379909
132.0,815,2085.392383,380724
484.0,1186,2092.754564,381910
660.0,1634,2103.357052,383544
660.0,1562,2113.237334,385106
572.0,1248,2121.049513,386354
616.0,1292,2128.927618,387646
484.0,1183,2135.847938,388829
660.0,1156,2142.851278,389985
528.0,1091,2150.441975,391076
572.0,1253,2158.824109,392329
660.0,1386,2167.807628,393715
660.0,1713,2178.232729,395428
616.0,1190,2185.309572,396618
948.0,2074,2197.381891,398692
708.0,1563,2206.348498,400255
484.0,1040,2212.234309,401295
756.0,1465,2221.335471,402760
440.0,906,2226.658362,403666
756.0,1351,2234.643949,405017
572.0,1299,2242.021054,406316
308.0,1001,2247.774531,407317
484.0,1136,2254.4683,408453
572.0,1238,2261.810685,409691
660.0,1695,2271.711577,411386
616.0,1539,2281.160322,412925
396.0,1172,2287.951231,414097
396.0,1460,2296.104569,415557
352.0,1174,2303.219594,416731
616.0,1102,2309.53598,417833
660.0,1164,2316.193906,418997
308.0,979,2321.993612,419976
352.0,939,2328.347534,420915
660.0,1625,2339.193854,422540
616.0,1729,2350.900041,424269
660.0,1616,2361.012728,425885
484.0,1507,2369.826186,427392
616.0,1735,2380.054768,429127
572.0,1282,2387.408186,430409
900.0,2119,2399.568602,432528
804.0,1935,2410.862057,434463
616.0,1105,2417.265414,435568
440.0,1141,2423.853065,436709
264.0,789,2428.417883,437498
852.0,1888,2439.500959,439386
756.0,1471,2448.186615,440857
660.0,1242,2455.429194,442099
804.0,1672,2465.193002,443771
352.0,1034,2471.166572,444805
352.0,902,2476.483425,445707
1188.0,1955,2487.813127,447662
616.0,1291,2495.184605,448953
1092.0,1488,2503.795385,450441
484.0,1040,2509.78129,451481
528.0,1127,2516.142863,452608
572.0,1311,2523.770439,453919
396.0,922,2529.02955,454841
660.0,1355,2536.755188,456196
660.0,1453,2545.038882,457649
528.0,1080,2551.317939,458729
852.0,2279,2564.563894,461008
572.0,1254,2571.827852,462262
616.0,1260,2579.043734,463522
440.0,1410,2587.214981,464932
948.0,1767,2597.536263,466699
1188.0,1944,2609.171613,468643
660.0,1716,2619.198062,470359
660.0,1382,2627.191675,471741
900.0,1704,2636.980029,473445
616.0,1116,2643.371477,474561
660.0,1634,2652.81912,476195
660.0,1128,2659.318876,477323
528.0,1116,2666.154242,478439
1140.0,1834,2677.156237,480273
572.0,993,2682.928138,481266
660.0,1915,2694.137277,483181
440.0,1142,2700.866632,484323
528.0,1142,2707.522269,485465
528.0,1593,2716.861153,487058
660.0,1780,2727.087656,488838
804.0,2075,2739.378199,490913
948.0,1389,2747.498021,492302
852.0,1468,2755.896534,493770
660.0,1199,2762.825316,494969
804.0,1466,2771.352046,496435
1536.0,1959,2782.668081,498394
440.0,956,2788.147987,499350
1188.0,1632,2797.561189,500982
804.0,1183,2804.666726,502165
660.0,1719,2814.51374,503884
900.0,1686,2824.014619,505570
440.0,1257,2830.997418,506827
660.0,1820,2841.672697,508647
852.0,1728,2851.497758,510375
660.0,1334,2859.006799,511709
572.0,1080,2865.137159,512789
660.0,1550,2874.00474,514339
528.0,1428,2882.076313,515767
660.0,1204,2888.919363,516971
264.0,1103,2895.080891,518074
616.0,1184,2901.693886,519258
660.0,1282,2909.041214,520540
756.0,1594,2918.041354,522134
708.0,1316,2925.438036,523450
804.0,1316,2932.798275,524766
756.0,1795,2942.956966,526561
660.0,1648,2952.241978,528209
948.0,1579,2961.133327,529788
660.0,1320,2968.519986,531108
616.0,1957,2979.331407,533065
616.0,1321,2986.689527,534386
528.0,1116,2992.851594,535502
1092.0,1717,3002.529809,537219
528.0,1300,3009.798167,538519
660.0,1670,3019.215908,540189
264.0,1134,3025.512081,541323
852.0,1757,3035.403045,543080
1044.0,1826,3045.716201,544906
660.0,1100,3051.873641,546006
804.0,1525,3060.441249,547531
660.0,1770,3070.309506,549301
660.0,1527,3078.936793,550828
660.0,1631,3088.044849,552459
804.0,1690,3097.569257,554149
572.0,974,3102.959358,555123
1092.0,2012,3114.110964,557135
1332.0,1790,3124.176418,558925
484.0,1225,3130.968248,560150
852.0,1646,3140.385109,561796
900.0,1292,3148.002676,563088
756.0,1324,3155.569145,564412
616.0,1723,3165.385558,566135
756.0,1789,3175.486042,567924
1332.0,2142,3187.608129,570066
660.0,1365,3195.33199,571431
1332.0,2009,3206.743508,573440
1044.0,2535,3221.065212,575975
948.0,1533,3229.665169,577508
756.0,1325,3237.10306,578833
660.0,1593,3246.084768,580426
1140.0,1735,3255.835441,582161
396.0,1134,3262.198925,583295
900.0,1427,3270.129596,584722
1188.0,1511,3278.652138,586233
660.0,1154,3285.121114,587387
660.0,1365,3292.876074,588752
1236.0,1501,3301.425839,590253
1188.0,1485,3309.819362,591738
660.0,1154,3316.263787,592892
572.0,1419,3324.29687,594311
2108.0,2727,3339.932555,597038
804.0,1550,3348.765027,598588
1332.0,1719,3358.441484,600307
948.0,1973,3369.451075,602280
900.0,1306,3376.793052,603586
1044.0,1322,3384.243806,604908
528.0,1332,3391.738081,606240
616.0,1551,3400.4287,607791
660.0,1329,3407.979105,609120
660.0,1133,3414.397172,610253
660.0,1482,3422.723078,611735
1188.0,1747,3432.614137,613482
660.0,2585,3447.296746,616067
1092.0,1633,3456.736571,617700
660.0,1325,3464.334339,619025
660.0,1258,3471.353868,620283
660.0,1073,3477.439482,621356
1092.0,1554,3486.263596,622910
996.0,1508,3494.726589,624418
804.0,1323,3502.09204,625741
900.0,2048,3513.630253,627789
660.0,1258,3520.771802,629047
1236.0,1878,3531.296069,630925
1284.0,2463,3545.329052,633388
1044.0,1596,3554.413795,634984
660.0,1425,3562.459046,636409
660.0,1649,3571.681104,638058
852.0,1428,3580.244734,639486
1188.0,1647,3590.038287,641133
1332.0,2087,3602.010451,643220
572.0,1077,3608.056751,644297
708.0,1853,3618.665902,646150
660.0,1414,3626.659636,647564
948.0,1674,3636.061893,649238
1236.0,1822,3646.411446,651060
264.0,944,3651.704839,652004
996.0,1471,3660.170507,653475
1044.0,1579,3670.227422,655054
1332.0,2301,3684.970078,657355
996.0,1517,3694.060002,658872
804.0,1418,3702.19035,660290
660.0,1460,3710.53416,661750
1140.0,2400,3725.348188,664150
660.0,1284,3733.985111,665434
1380.0,2145,3747.840216,667579
756.0,1477,3757.033401,669056
996.0,1358,3765.260937,670414
484.0,1044,3771.478765,671458
660.0,1595,3781.055091,673053
352.0,789,3785.942252,673842
1236.0,1795,3797.417205,675637
308.0,804,3802.47416,676441
804.0,1722,3812.450827,678163
852.0,1565,3821.378279,679728
1380.0,1847,3831.783918,681575
528.0,1072,3837.800679,682647
1284.0,1745,3847.898288,684392
1332.0,1531,3856.676037,685923
660.0,1019,3862.475739,686942
1236.0,1700,3872.218571,688642
528.0,934,3877.666854,689576
660.0,1278,3885.166133,690854
852.0,1180,3892.023072,692034
1236.0,1808,3902.720563,693842
900.0,1617,3912.010128,695459
660.0,1099,3918.201447,696558
804.0,1195,3924.982539,697753
756.0,1547,3934.017018,699300
660.0,1234,3941.259168,700534
1536.0,1937,3952.809535,702471
1332.0,2205,3966.377365,704676
708.0,1235,3973.867563,705911
852.0,1273,3981.238852,707184
1284.0,1557,3990.084439,708741
852.0,1416,3998.326057,710157
1284.0,2037,4010.237754,712194
528.0,921,4015.497517,713115
660.0,1202,4022.388262,714317
660.0,2082,4034.649646,716399
660.0,1565,4043.866319,717964
708.0,1426,4052.030388,719390
948.0,1437,4060.820093,720827
1236.0,1877,4072.718907,722704
804.0,1459,4081.599274,724163
660.0,1212,4088.839576,725375
484.0,1063,4095.879485,726438
852.0,1747,4107.375044,728185
308.0,960,4113.023738,729145
900.0,1239,4120.935145,730384
1236.0,2068,4133.673929,732452
1900.0,2187,4146.819752,734639
996.0,1743,4157.523442,736382
804.0,1402,4165.587085,737784
1092.0,1289,4172.932425,739073
660.0,1055,4178.880023,740128
1380.0,1864,4189.465042,741992
1380.0,1797,4199.872435,743789
996.0,1487,4208.413274,745276
1380.0,2929,4225.427224,748205
1140.0,1473,4233.804406,749678
948.0,1477,4242.184283,751155
900.0,2214,4254.801878,753369
1140.0,1610,4263.908532,754979
804.0,1144,4270.428062,756123
660.0,1352,4278.034806,757475
1380.0,2037,4289.703819,759512
1332.0,1687,4299.35631,761199
572.0,977,4304.938323,762176
1380.0,1911,4315.760053,764087
2944.0,3104,4333.418243,767191
1380.0,1572,4342.320289,768763
1332.0,1551,4351.057571,770314
660.0,1159,4357.607575,771473
1044.0,1483,4366.015321,772956
1236.0,1687,4375.671522,774643
616.0,1502,4384.181142,776145
852.0,1400,4392.129833,777545
1140.0,1397,4400.106195,778942
1044.0,1742,4410.012699,780684
948.0,1546,4418.825761,782230
900.0,1328,4426.390257,783558
484.0,1235,4433.406322,784793
616.0,1189,4440.179202,785982
616.0,2083,4452.069019,788065
1236.0,1622,4461.396678,789687
852.0,1223,4468.345376,790910
900.0,2076,4480.121269,792986
1140.0,1458,4488.398987,794444
1380.0,1425,4496.631006,795869
1140.0,1646,4506.124642,797515
616.0,1062,4512.143637,798577
660.0,1241,4519.152339,799818
660.0,1135,4525.580942,800953
1332.0,1650,4534.965073,802603
948.0,1492,4543.355688,804095
1380.0,1514,4551.881111,805609
1380.0,2273,4564.758565,807882
804.0,1518,4573.383243,809400
352.0,780,4577.777669,810180
948.0,1341,4585.333596,811521
1848.0,2253,4598.02372,813774
948.0,1392,4605.902088,815166
660.0,1933,4616.797131,817099
804.0,1411,4624.765558,818510
1236.0,1565,4633.685381,820075
660.0,1359,4641.367173,821434
2004.0,2485,4655.274273,823919
1284.0,1661,4665.338233,825580
948.0,1335,4673.377483,826915
1188.0,1768,4683.468767,828683
660.0,1189,4690.099532,829872
948.0,1383,4697.946032,831255
572.0,1068,4704.312549,832323
1236.0,1641,4714.379915,833964
1044.0,1763,4724.389452,835727
900.0,1446,4732.450713,837173
660.0,1373,4740.259138,838546
1188.0,1560,4749.294386,840106
1140.0,1874,4759.969643,841980
660.0,1086,4766.33955,843066
1380.0,1914,4777.667,844980
708.0,1171,4784.38806,846151
900.0,1449,4792.574666,847600
900.0,1259,4800.066321,848859
1536.0,2310,4813.235115,851169
660.0,1211,4820.536463,852380
756.0,1324,4829.271373,853704
1092.0,1684,4839.938118,855388
1796.0,3454,4861.00709,858842
1432.0,2160,4875.362473,861002
1380.0,2417,4890.350041,863419
1284.0,1853,4901.898854,865272
1284.0,1897,4912.818724,867169
660.0,1111,4919.278687,868280
1332.0,1848,4930.829047,870128
1380.0,2051,4942.647843,872179
1092.0,2121,4954.705131,874300
948.0,1993,4965.716648,876293
948.0,1976,4976.900804,878269
1284.0,2249,4989.575591,880518
660.0,1656,4998.980442,882174
948.0,1924,5009.850019,884098
804.0,1657,5019.30731,885755
852.0,1530,5028.030032,887285
1380.0,1862,5038.776213,889147
852.0,1393,5046.682942,890540
948.0,1306,5054.19161,891846
996.0,1382,5062.015962,893228
804.0,1755,5071.939085,894983
484.0,1263,5078.996039,896246
1092.0,2191,5091.387457,898437
996.0,1493,5099.766811,899930
660.0,1417,5107.778705,901347
1188.0,1666,5117.279324,903013
1236.0,1846,5127.781311,904859
1284.0,2027,5139.353436,906886
616.0,1709,5149.050894,908595
1284.0,1825,5159.494508,910420
1900.0,2778,5175.275467,913198
1236.0,1854,5185.966494,915052
660.0,1852,5196.503443,916904
1188.0,1830,5207.073568,918734
900.0,1316,5215.187009,920050
1188.0,1896,5227.172283,921946
1284.0,1529,5235.899269,923475
1380.0,1922,5246.944638,925397
1332.0,2270,5259.968011,927667
1588.0,1985,5271.500266,929652
948.0,1513,5280.034668,931165
1432.0,1882,5291.648927,933047
1332.0,1470,5300.398901,934517
1692.0,2256,5313.059032,936773
660.0,1094,5319.04889,937867
616.0,1169,5325.724585,939036
660.0,1168,5332.750189,940204
1332.0,1626,5343.016653,941830
1044.0,2228,5356.105711,944058
660.0,1470,5364.470763,945528
1044.0,2190,5378.654881,947718
2160.0,2687,5395.164672,950405
948.0,1358,5402.642108,951763
1284.0,1888,5414.050835,953651
1380.0,2070,5426.57761,955721
2056.0,2425,5440.474273,958146
1744.0,2398,5454.011864,960544
996.0,1104,5460.429867,961648
1848.0,2184,5473.317725,963832
2272.0,2659,5488.326005,966491
1092.0,1552,5497.246846,968043
2056.0,2118,5509.002522,970161
1380.0,1490,5517.295089,971651
1484.0,2076,5529.136081,973727
1484.0,1922,5540.044034,975649
1380.0,2482,5554.247423,978131
708.0,1351,5562.008162,979482
2160.0,3043,5579.220915,982525
1332.0,2075,5591.087497,984600
996.0,1445,5599.293472,986045
572.0,1285,5606.581348,987330
1236.0,1642,5616.048758,988972
1332.0,1780,5626.617786,990752
616.0,1307,5634.078471,992059
2004.0,3012,5651.617393,995071
1332.0,1727,5661.371377,996798
900.0,1950,5672.330878,998748
996.0,1234,5679.222906,999982
1484.0,2066,5690.863177,1002048
616.0,1224,5697.858603,1003272
2108.0,2283,5710.707539,1005555
900.0,1738,5720.511217,1007293
1588.0,2032,5731.994498,1009325
852.0,1890,5742.679002,1011215
1236.0,1369,5750.405461,1012584
1332.0,1841,5760.863496,1014425
1380.0,1439,5769.034755,1015864
1380.0,2056,5780.741938,1017920
660.0,1052,5786.66,1018972
1332.0,1690,5796.161553,1020662
1044.0,1521,5804.755192,1022183
1044.0,1978,5815.878446,1024161
1332.0,1840,5826.292591,1026001
1332.0,1908,5836.867472,1027909
616.0,1043,5842.756516,1028952
948.0,1464,5850.987828,1030416
900.0,1880,5861.634619,1032296
1140.0,1565,5870.544487,1033861
1380.0,1841,5881.016479,1035702
1332.0,2037,5892.522326,1037739
1380.0,1874,5903.070943,1039613
1140.0,2084,5915.79959,1041697
948.0,1655,5925.05326,1043352
1484.0,2318,5938.301708,1045670
1188.0,1764,5948.266425,1047434
660.0,1274,5955.254693,1048708
3000.0,3787,5976.433775,1052495
2108.0,2298,5989.216835,1054793
1380.0,1810,6000.849371,1056603
948.0,1635,6011.723782,1058238
708.0,1009,6017.873415,1059247
1380.0,1882,6030.74413,1061129
1380.0,1634,6040.726862,1062763
1588.0,1966,6053.868414,1064729
1236.0,1601,6064.122625,1066330
1188.0,1580,6075.053407,1067910
900.0,1558,6086.267941,1069468
1588.0,2482,6101.309178,1071950
660.0,1324,6109.295117,1073274
1432.0,1916,6120.656636,1075190
1332.0,1708,6131.061064,1076898
1380.0,1809,6142.238238,1078707
660.0,1229,6149.516204,1079936
1380.0,2275,6163.341547,1082211
1188.0,2010,6175.051029,1084221
264.0,913,6180.334082,1085134
1380.0,1777,6191.16069,1086911
2056.0,2414,6205.863341,1089325
804.0,1250,6213.256862,1090575
1092.0,1501,6222.228611,1092076
660.0,1795,6233.279161,1093871
1284.0,1840,6245.358594,1095711
1092.0,1701,6255.444888,1097412
756.0,1378,6263.450642,1098790
1380.0,2060,6275.360575,1100850
1380.0,1743,6285.703584,1102593
900.0,1412,6293.946406,1104005
948.0,1413,6302.024876,1105418
1692.0,2254,6315.071884,1107672
1692.0,2100,6327.277268,1109772
852.0,1397,6335.410584,1111169
1380.0,2103,6347.658849,1113272
1332.0,2515,6362.422193,1115787
1236.0,1830,6373.100083,1117617
756.0,1387,6381.216573,1119004
660.0,1232,6388.296969,1120236
1952.0,2256,6401.380224,1122492
900.0,1306,6409.088663,1123798
1380.0,1918,6420.099008,1125716
1380.0,2103,6432.151388,1127819
708.0,1005,6437.898435,1128824
804.0,1613,6447.193244,1130437
948.0,1387,6455.054803,1131824
1332.0,2077,6467.043562,1133901
1284.0,1964,6478.496682,1135865
1380.0,2217,6491.295119,1138082
1380.0,1727,6501.305557,1139809
1536.0,2069,6513.327406,1141878
2160.0,2431,6527.390961,1144309
1332.0,1910,6538.071326,1146219
900.0,1319,6545.750181,1147538
2160.0,2461,6561.901644,1149999
1536.0,2089,6575.286668,1152088
2160.0,2659,6591.013427,1154747
1380.0,1549,6600.59098,1156296
2496.0,2892,6617.842663,1159188
1092.0,1520,6626.70581,1160708
996.0,1217,6633.723407,1161925
2440.0,2903,6651.978543,1164828
1796.0,2335,6666.174486,1167163
2108.0,2378,6680.092479,1169541
1796.0,2566,6694.884859,1172107
660.0,1212,6702.009219,1173319
1796.0,2510,6716.557845,1175829
1380.0,1643,6725.995293,1177472
1332.0,1558,6735.083503,1179030
1332.0,2268,6748.259863,1181298
660.0,1317,6755.862814,1182615
2004.0,2311,6769.146129,1184926
2108.0,2208,6781.90056,1187134
616.0,1016,6787.821876,1188150
1236.0,1763,6798.112163,1189913
948.0,1502,6806.813024,1191415
996.0,1294,6814.256801,1192709
996.0,1370,6822.205597,1194079
1380.0,1503,6830.917117,1195582
900.0,1719,6841.299107,1197301
1588.0,1905,6852.643252,1199206
1332.0,3081,6871.413362,1202287
996.0,1725,6883.100105,1204012
1332.0,1511,6892.624887,1205523
996.0,1745,6902.919023,1207268
1332.0,1425,6911.087701,1208693
1380.0,1855,6921.95761,1210548
2004.0,1963,6933.245443,1212511
1432.0,3091,6951.299963,1215602
996.0,1861,6962.706281,1217463
1236.0,1982,6974.703543,1219445
1092.0,1629,6984.203139,1221074
660.0,1194,6991.194398,1222268
852.0,1105,6997.616182,1223373
2552.0,3741,7020.718571,1227114
1900.0,2380,7034.707522,1229494
1588.0,1898,7045.570966,1231392
1044.0,1270,7052.904979,1232662
948.0,1684,7062.658237,1234346
660.0,1757,7072.807359,1236103
1332.0,1922,7083.963319,1238025
1332.0,1617,7093.326971,1239642
1952.0,2384,7107.137817,1242026
1380.0,2244,7120.138092,1244270
948.0,1433,7128.481095,1245703
1380.0,2304,7141.913599,1248007
756.0,1153,7148.861247,1249160
1380.0,1940,7160.446768,1251100
2384.0,3095,7178.026742,1254195
1284.0,2639,7193.10366,1256834
528.0,1081,7199.12924,1257915
1380.0,1996,7210.460059,1259911
1284.0,1566,7219.086502,1261477
1236.0,1466,7227.312529,1262943
2004.0,2609,7241.995549,1265552
948.0,1547,7250.820969,1267099
1380.0,2384,7264.41277,1269483
1188.0,1836,7274.974836,1271319
1284.0,2135,7287.055971,1273454
708.0,1320,7294.50623,1274774
1380.0,1751,7304.367871,1276525
1332.0,2121,7316.415636,1278646
1332.0,1605,7325.57573,1280251
1380.0,1915,7336.338107,1282166
1380.0,2514,7350.43414,1284680
2004.0,2347,7363.704103,1287027
1380.0,2280,7376.723036,1289307
1284.0,1619,7385.804395,1290926
616.0,1215,7392.706247,1292141
1380.0,1856,7403.139166,1293997
1092.0,1398,7411.157477,1295395
1952.0,2662,7426.309391,1298057
1188.0,1809,7436.463658,1299866
2160.0,2902,7452.80791,1302768
2776.0,2988,7469.547101,1305756
1380.0,2131,7481.417562,1307887
4834.0,4009,7503.777369,1311896
3000.0,2406,7517.22716,1314302
2160.0,2295,7529.985513,1316597
2916.0,3197,7547.817061,1319794
2608.0,3027,7564.992105,1322821
2328.0,3134,7583.210205,1325955
2004.0,2116,7595.049172,1328071
616.0,1043,7600.766338,1329114
660.0,1309,7608.003702,1330423
1284.0,2578,7622.272464,1333001
708.0,1140,7628.627171,1334141
1332.0,2314,7641.704477,1336455
1332.0,1631,7650.761882,1338086
1236.0,1606,7659.729447,1339692
1332.0,1892,7670.363802,1341584
1140.0,1904,7680.911842,1343488
1236.0,1659,7690.176974,1345147
1044.0,1273,7697.281695,1346420
2160.0,2702,7712.424067,1349122
1044.0,1174,7718.935231,1350296
2160.0,2627,7733.822992,1352923
1092.0,1249,7740.884734,1354172
1284.0,1517,7749.30021,1355689
1380.0,1663,7758.986688,1357352
660.0,1159,7765.495023,1358511
900.0,1344,7773.062122,1359855
1284.0,1768,7783.007374,1361623
996.0,1198,7789.768324,1362821
2004.0,2518,7804.416342,1365339
660.0,1197,7811.284734,1366536
1332.0,1707,7821.003393,1368243
1092.0,1688,7830.65162,1369931
1332.0,1516,7839.582947,1371447
948.0,1359,7847.213565,1372806
1284.0,1779,7857.267385,1374585
1092.0,1285,7864.546582,1375870
1380.0,1978,7875.761681,1377848
2272.0,2926,7892.373595,1380774
1236.0,1730,7902.259972,1382504
660.0,1242,7909.256738,1383746
660.0,1306,7916.692325,1385052
1140.0,1610,7925.850398,1386662
1140.0,1537,7934.615298,1388199
2160.0,2213,7947.285223,1390412
1140.0,1445,7955.556352,1391857
1284.0,1685,7965.100422,1393542
852.0,1107,7971.392945,1394649
1188.0,1886,7982.199736,1396535
660.0,1091,7988.372701,1397626
1140.0,1710,7997.995984,1399336
1044.0,2088,8009.833511,1401424
1332.0,2049,8021.381907,1403473
804.0,1429,8029.534149,1404902
1380.0,1756,8039.455861,1406658
852.0,1449,8047.68779,1408107
1188.0,1433,8055.850336,1409540
852.0,1271,8063.014808,1410811
1332.0,2300,8075.979802,1413111
1332.0,1738,8085.930719,1414849
1188.0,1724,8095.797881,1416573
2160.0,2986,8112.813463,1419559
1380.0,2031,8124.424899,1421590
1484.0,1499,8132.928781,1423089
2160.0,2240,8145.663959,1425329
1380.0,1898,8156.448265,1427227
1284.0,1624,8165.613114,1428851
804.0,1150,8172.10131,1430001
2108.0,2611,8186.829518,1432612
1284.0,1629,8195.88226,1434241
1380.0,1792,8205.953918,1436033
1332.0,1438,8214.043418,1437471
948.0,1419,8222.008072,1438890
1236.0,1439,8230.151412,1440329
2056.0,1999,8241.414624,1442328
2056.0,2187,8253.871215,1444515
2608.0,2598,8268.628784,1447113
1380.0,1899,8279.48178,1449012
3308.0,3058,8296.690087,1452070
1332.0,1687,8306.15708,1453757
1796.0,2084,8317.904648,1455841
1536.0,2054,8329.553917,1457895
616.0,1055,8335.507597,1458950
2328.0,3287,8353.97207,1462237
1380.0,1596,8362.930136,1463833
2160.0,2385,8376.307825,1466218
996.0,1245,8383.253811,1467463
660.0,1279,8390.433103,1468742
2004.0,2271,8403.253375,1471013
2160.0,2308,8416.267094,1473321
660.0,951,8421.691403,1474272
1284.0,1417,8429.655439,1475689
1332.0,1691,8439.179177,1477380
900.0,1325,8446.72091,1478705
660.0,1023,8452.444415,1479728
1380.0,1756,8462.190964,1481484
1284.0,1778,8472.235272,1483262
900.0,1512,8480.787819,1484774
1332.0,1663,8490.127846,1486437
660.0,1194,8496.834868,1487631
1332.0,1717,8506.611691,1489348
1332.0,1691,8516.077944,1491039
1044.0,1319,8523.513355,1492358
1432.0,1827,8533.897562,1494185
3480.0,3520,8553.976477,1497705
1380.0,1647,8563.236551,1499352
1332.0,2270,8576.064059,1501622
1484.0,1877,8586.761779,1503499
1332.0,1822,8597.030712,1505321
1380.0,1544,8605.798922,1506865
1284.0,1887,8616.399072,1508752
1332.0,1864,8627.090477,1510616
2916.0,2512,8641.263865,1513128
2160.0,2352,8654.566449,1515480
660.0,1097,8660.787417,1516577
900.0,1428,8668.831556,1518005
1380.0,1870,8679.381296,1519875
996.0,1211,8686.325774,1521086
1432.0,1884,8697.04821,1522970
1380.0,1887,8707.636377,1524857
1284.0,1501,8716.128788,1526358
1380.0,2040,8727.599096,1528398
1332.0,1632,8736.818574,1530030
2384.0,2789,8752.734153,1532819
900.0,1208,8759.450983,1534027
2160.0,2359,8772.818046,1536386
1380.0,2274,8785.645654,1538660
1044.0,1459,8793.922911,1540119
1332.0,1900,8804.512071,1542019
1380.0,1682,8814.088619,1543701
1692.0,2097,8825.974199,1545798
1380.0,1856,8836.395336,1547654
660.0,1096,8842.648019,1548750
1188.0,1611,8851.770637,1550361
1380.0,1886,8862.462291,1552247
1380.0,2454,8876.457197,1554701
2160.0,2138,8888.457059,1556839
1380.0,1797,8898.581454,1558636
1380.0,1786,8908.65073,1560422
1284.0,1767,8918.568528,1562189
1092.0,1471,8926.881109,1563660
3660.0,3135,8944.61255,1566795
4170.0,3818,8966.19692,1570613
2160.0,2407,8979.870801,1573020
1380.0,1959,8991.03389,1574979
1236.0,1652,9000.335486,1576631
1848.0,2154,9012.348983,1578785
1332.0,2345,9025.683224,1581130
900.0,1294,9033.036368,1582424
1380.0,1340,9040.553499,1583764
1536.0,1672,9050.002582,1585436
1044.0,1481,9058.259765,1586917
1332.0,1678,9067.685329,1588595
1380.0,1718,9077.380578,1590313
2160.0,2187,9089.613473,1592500
1796.0,2219,9102.099415,1594719
1848.0,2537,9116.383857,1597256
1332.0,1721,9126.133708,1598977
1332.0,1872,9136.485229,1600849
1484.0,1976,9147.523935,1602825
2056.0,2274,9160.222486,1605099
1952.0,2551,9174.516612,1607650
3240.0,3637,9194.860049,1611287
3000.0,3205,9212.800608,1614492
2004.0,2661,9227.630286,1617153
948.0,1306,9234.948946,1618459
1332.0,1467,9243.011326,1619926
1140.0,1812,9253.101009,1621738
1380.0,1434,9261.121783,1623172
1536.0,1724,9270.764576,1624896
2160.0,2274,9283.425738,1627170
2832.0,2850,9299.435713,1630020
1380.0,1679,9308.995304,1631699
948.0,1318,9316.456313,1633017
1332.0,1774,9326.381773,1634791
2160.0,2400,9340.01415,1637191
660.0,1207,9346.801456,1638398
2108.0,2567,9361.198009,1640965
1380.0,1915,9371.983999,1642880
1332.0,1610,9381.064446,1644490
616.0,1153,9387.543342,1645643
1332.0,1619,9396.721677,1647262
1380.0,1697,9406.238183,1648959
1332.0,2447,9420.136948,1651406
1332.0,1833,9430.467655,1653239
1380.0,1492,9438.870881,1654731
1380.0,1890,9449.475782,1656621
1332.0,1715,9459.212054,1658336
2832.0,2781,9475.000149,1661117
1236.0,1440,9483.058244,1662557
1484.0,1610,9492.192132,1664167
1332.0,1552,9500.959829,1665719
1284.0,1633,9510.275233,1667352
2160.0,2447,9524.184582,1669799
1188.0,1963,9535.385591,1671762
900.0,1700,9544.856471,1673462
1092.0,1403,9552.738931,1674865
1432.0,2227,9565.349322,1677092
1188.0,1735,9575.096726,1678827
1380.0,1531,9583.812051,1680358
2496.0,2442,9597.521172,1682800
3000.0,3041,9614.856096,1685841
1380.0,2007,9626.086649,1687848
1380.0,1973,9637.152774,1689821
2160.0,2442,9650.987264,1692263
852.0,1658,9660.488426,1693921
3540.0,3690,9681.405289,1697611
1332.0,1754,9691.551534,1699365
1044.0,1498,9699.928311,1700863
2160.0,2284,9712.776034,1703147
4350.0,3814,9734.276202,1706961
1952.0,2236,9746.856486,1709197
2160.0,2469,9760.876761,1711666
1900.0,2318,9774.06183,1713984
1380.0,2037,9785.573582,1716021
2160.0,2858,9801.790271,1718879
1140.0,1498,9810.248104,1720377
852.0,1390,9818.118969,1721767
1484.0,2324,9831.267002,1724091
1380.0,2504,9845.460213,1726595
3140.0,3476,9865.09871,1730071
1284.0,1453,9873.291543,1731524
1332.0,1992,9884.584679,1733516
1092.0,1522,9893.171277,1735038
1332.0,1853,9903.571104,1736891
2720.0,2700,9918.728473,1739591
1380.0,1897,9929.45602,1741488
1332.0,1797,9939.601504,1743285
1380.0,1767,9949.594167,1745052
948.0,1598,9958.672348,1746650
1380.0,1759,9968.573106,1748409
3420.0,4235,9992.281621,1752644
1332.0,1661,10001.756574,1754305
3420.0,3567,10021.891031,1757872
1284.0,1940,10032.841817,1759812
1588.0,1986,10044.08075,1761798
996.0,2106,10056.047168,1763904
2160.0,3120,10073.774753,1767024
3480.0,3377,10092.89911,1770401
1284.0,1650,10102.253612,1772051
660.0,954,10107.633204,1773005
2944.0,3273,10126.287924,1776278
1380.0,2368,10139.721266,1778646
1236.0,1794,10149.824742,1780440
1380.0,1930,10160.697018,1782370
1332.0,1715,10170.355888,1784085
1380.0,2168,10182.552773,1786253
1588.0,2207,10195.022244,1788460
3900.0,3905,10217.242221,1792365
2860.0,2938,10233.856983,1795303
2004.0,2171,10246.064645,1797474
1380.0,1455,10254.33005,1798929
2056.0,2244,10267.050651,1801173
4898.0,3843,10288.806992,1805016
1332.0,1849,10299.240234,1806865
1380.0,1551,10307.899408,1808416
1744.0,1754,10317.859442,1810170
2720.0,2691,10332.863781,1812861
3420.0,2825,10348.762528,1815686
3000.0,2937,10365.304919,1818623
1332.0,1938,10376.23239,1820561
3840.0,3705,10397.092783,1824266
4448.0,4043,10419.935172,1828309
3000.0,2632,10434.763345,1830941
1952.0,2145,10446.856019,1833086
2664.0,3032,10463.961596,1836118
4576.0,4393,10488.839523,1840511
1380.0,1956,10499.912169,1842467
2056.0,2148,10512.100016,1844615
2108.0,2397,10525.69591,1847012
900.0,1396,10533.505769,1848408
3000.0,3194,10551.672781,1851602
1380.0,2087,10563.46472,1853689
1332.0,1767,10573.485209,1855456
1332.0,1771,10583.501905,1857227
1284.0,1462,10591.750839,1858689
1380.0,1481,10600.059116,1860170
1044.0,1428,10608.11587,1861598
2108.0,2432,10621.937906,1864030
1640.0,1932,10632.951983,1865962
2440.0,2807,10648.960303,1868769
1380.0,1641,10658.250797,1870410
3420.0,3248,10676.667691,1873658
1332.0,1646,10685.943444,1875304
2160.0,2686,10701.092028,1877990
1332.0,1522,10709.722874,1879512
1332.0,1396,10717.465739,1880908
1332.0,1975,10728.662236,1882883
1380.0,1739,10738.439433,1884622
1380.0,2137,10750.506458,1886759
1332.0,1819,10760.712197,1888578
1380.0,1590,10769.625062,1890168
1380.0,1821,10779.829595,1891989
948.0,1354,10787.45723,1893343
3196.0,3153,10805.195827,1896496
1796.0,2419,10818.707659,1898915
1092.0,1617,10827.568982,1900532
3840.0,3781,10848.954516,1904313
2776.0,3195,10866.861869,1907508
4200.0,3225,10885.027548,1910733
2160.0,2360,10898.218423,1913093
1640.0,1909,10908.912081,1915002
1236.0,1577,10917.781197,1916579
1188.0,1402,10925.649522,1917981
1380.0,1644,10934.89084,1919625
1848.0,2180,10947.229525,1921805
3616.0,2720,10962.434645,1924525
1640.0,2027,10973.799843,1926552
1952.0,3251,10992.145679,1929803
1744.0,2659,11007.146104,1932462
3660.0,3895,11029.139614,1936357
1848.0,2303,11042.194834,1938660
996.0,1858,11052.680097,1940518
1284.0,1730,11062.368958,1942248
660.0,3123,11080.172343,1945371
1284.0,1839,11090.534697,1947210
3000.0,2810,11106.678274,1950020
2004.0,2640,11121.563638,1952660
1640.0,2094,11133.498838,1954754
2972.0,2706,11148.752834,1957460
4576.0,3658,11169.583684,1961118
3000.0,2886,11186.105684,1964004
1380.0,1846,11196.538407,1965850
1380.0,1765,11206.658802,1967615
1332.0,1714,11216.385985,1969329
2272.0,2257,11229.119642,1971586
2056.0,2445,11242.923595,1974031
2496.0,2559,11257.299453,1976590
1380.0,1648,11266.549853,1978238
1380.0,1839,11277.048014,1980077
1952.0,2236,11289.591855,1982313
1332.0,1953,11300.580581,1984266
1380.0,2231,11313.205208,1986497
1188.0,1361,11320.938223,1987858
1332.0,1408,11328.892165,1989266
1380.0,1848,11339.25089,1991114
1484.0,1989,11350.428152,1993103
1380.0,2033,11361.794496,1995136
1332.0,1534,11370.457583,1996670
2608.0,2649,11385.485796,1999319
1380.0,1555,11394.334957,2000874
2160.0,2257,11407.087085,2003131
2056.0,2111,11419.062133,2005242
1332.0,1899,11429.744509,2007141
1952.0,2000,11441.031728,2009141
1380.0,2226,11453.532766,2011367
1332.0,1711,11463.119964,2013078
1380.0,2078,11474.759935,2015156
660.0,1047,11480.669935,2016203
1332.0,1644,11489.930235,2017847
2776.0,2873,11506.238851,2020720
3720.0,3259,11524.613954,2023979
1380.0,1851,11535.179203,2025830
2160.0,2232,11547.868042,2028062
2440.0,2590,11562.587995,2030652
4704.0,3982,11585.240887,2034634
2108.0,2278,11598.137932,2036912
3140.0,3026,11615.306841,2039938
1380.0,2131,11627.439462,2042069
1640.0,2127,11639.416439,2044196
1640.0,1781,11649.340379,2045977
1484.0,1959,11660.322628,2047936
2440.0,2425,11673.969965,2050361
2160.0,2581,11688.680871,2052942
948.0,1412,11696.748232,2054354
2108.0,2321,11709.743212,2056675
4834.0,4113,11733.229398,2060788
1140.0,1688,11742.721009,2062476
1536.0,2626,11757.635522,2065102
1380.0,1815,11767.823009,2066917
3540.0,3704,11788.749855,2070621
3900.0,3829,11810.587165,2074450
616.0,1136,11817.059027,2075586
1952.0,2018,11828.61821,2077604
756.0,1079,11834.767326,2078683
948.0,2291,11847.831383,2080974
2832.0,2811,11863.746367,2083785
2160.0,2409,11877.342212,2086194
1536.0,1958,11888.368111,2088152
1332.0,1534,11896.961821,2089686
2160.0,2349,11910.092731,2092035
1796.0,2042,11921.624943,2094077
3784.0,2858,11937.77235,2096935
2108.0,2914,11954.235749,2099849
948.0,1192,11961.024095,2101041
1380.0,1968,11972.438172,2103009
2664.0,3174,11990.531946,2106183
2440.0,2926,12007.191057,2109109
2160.0,2578,12021.737696,2111687
2004.0,2383,12035.272841,2114070
1900.0,2113,12047.156171,2116183
5348.0,3838,12068.833343,2120021
1284.0,1535,12077.412311,2121556
3900.0,4226,12101.230884,2125782
1284.0,1956,12112.303273,2127738
1380.0,2073,12124.15539,2129811
3900.0,3864,12146.166107,2133675
2776.0,2862,12162.281319,2136537
1044.0,1350,12169.855673,2137887
3420.0,3054,12187.020028,2140941
2440.0,2767,12202.584038,2143708
2552.0,2303,12215.473025,2146011
4478.0,3959,12237.724084,2149970
1952.0,2200,12250.033119,2152170
660.0,981,12255.464151,2153151
4110.0,3285,12273.877306,2156436
1952.0,2169,12286.043962,2158605
1380.0,1490,12294.32781,2160095
1092.0,1602,12303.306056,2161697
1640.0,2125,12315.149753,2163822
1332.0,1884,12325.695521,2165706
2160.0,2502,12339.66893,2168208
2108.0,2744,12354.837713,2170952
1380.0,1738,12364.55706,2172690
996.0,1296,12371.715761,2173986
1380.0,1807,12381.78655,2175793
1796.0,2360,12395.049743,2178153
2160.0,2271,12407.684968,2180424
1744.0,1960,12418.686894,2182384
1380.0,2326,12431.898237,2184710
756.0,1109,12438.117774,2185819
1188.0,1534,12446.720068,2187353
1140.0,1462,12454.873102,2188815
2664.0,2859,12470.946666,2191674
2384.0,2871,12486.903759,2194545
996.0,1161,12493.298159,2195706
1284.0,1658,12502.662949,2197364
1432.0,2257,12515.341492,2199621
1796.0,1895,12526.056594,2201516
4350.0,3803,12547.527537,2205319
3000.0,2938,12564.264355,2208257
2056.0,2172,12576.671315,2210429
1796.0,2152,12588.836768,2212581
3196.0,2939,12605.550695,2215520
2160.0,2267,12618.423298,2217787
1380.0,1649,12627.821015,2219436
4092.0,4253,12651.881086,2223689
4200.0,4002,12674.573748,2227691
2832.0,3193,12692.889643,2230884
4604.0,3983,12715.989907,2234867
3780.0,3036,12733.304875,2237903
1744.0,1620,12742.833612,2239523
1900.0,2405,12759.496595,2241928
1332.0,1503,12769.966746,2243431
1332.0,1438,12779.102773,2244869
1332.0,1831,12791.021001,2246700
3540.0,3349,12810.320618,2250049
1536.0,2070,12821.855116,2252119
2608.0,2869,12837.934713,2254988
3480.0,3670,12859.480634,2258658
3000.0,3187,12878.15904,2261845
1380.0,1500,12886.558495,2263345
3900.0,3754,12907.927396,2267099
1380.0,1916,12918.838106,2269015
2108.0,2334,12933.025207,2271349
1284.0,1695,12943.054321,2273044
3000.0,3204,12961.417166,2276248
2552.0,3378,12980.618276,2279626
1692.0,2260,12993.411469,2281886
2496.0,3079,13010.839611,2284965
2608.0,3171,13028.673206,2288136
5020.0,4410,13053.955642,2292546
2108.0,2321,13067.498775,2294867
2056.0,2579,13082.84737,2297446
1380.0,1647,13092.00328,2299093
1484.0,1919,13103.30334,2301012
2056.0,2021,13115.026738,2303033
2056.0,2254,13127.773039,2305287
2160.0,2677,13142.852959,2307964
1848.0,2005,13154.211948,2309969
2108.0,2360,13167.52743,2312329
4476.0,4160,13190.949865,2316489
3420.0,3315,13209.483593,2319804
5310.0,4569,13234.884365,2324373
2160.0,2398,13248.375594,2326771
948.0,1284,13255.699259,2328055
3420.0,3613,13276.231141,2331668
5632.0,4583,13302.812588,2336251
2160.0,3029,13319.808741,2339280
1188.0,1736,13329.365226,2341016
996.0,1228,13336.117654,2342244
4260.0,3629,13356.307223,2345873
660.0,1485,13364.52666,2347358
1380.0,2186,13376.776775,2349544
4800.0,3974,13399.106543,2353518
2160.0,2654,13414.146394,2356172
3660.0,3150,13431.714595,2359322
2160.0,2364,13444.911309,2361686
2004.0,2140,13456.823109,2363826
2004.0,1800,13466.88342,2365626
948.0,1411,13474.747877,2367037
3900.0,3779,13496.10128,2370816
2160.0,2387,13509.29079,2373203
4028.0,3849,13530.629108,2377052
1380.0,1617,13539.932733,2378669
1380.0,1731,13550.012698,2380400
1380.0,2102,13561.702639,2382502
1380.0,1707,13571.193114,2384209
2608.0,3019,13588.077392,2387228
4700.0,3891,13610.045713,2391119
3196.0,3306,13628.77558,2394425
3084.0,2680,13643.993297,2397105
1044.0,1287,13651.198057,2398392
1380.0,2387,13664.531987,2400779
1332.0,2272,13677.295428,2403051
1536.0,1895,13688.336871,2404946
1092.0,1575,13697.30313,2406521
1380.0,1537,13706.081827,2408058
2160.0,2703,13721.454369,2410761
3000.0,3355,13741.190384,2414116
1284.0,1338,13749.166582,2415454
3000.0,3202,13768.398414,2418656
3660.0,3448,13788.374758,2422104
1380.0,2242,13802.267754,2424346
3780.0,3871,13827.684414,2428217
1536.0,2099,13841.422461,2430316
1236.0,1608,13850.82816,2431924
2056.0,2145,13863.091788,2434069
1536.0,2095,13875.118157,2436164
3120.0,3420,13894.591715,2439584
2272.0,2592,13909.304844,2442176
2160.0,2458,13923.296021,2444634
660.0,1171,13929.803355,2445805
3000.0,3489,13949.377927,2449294
1332.0,1710,13959.061182,2451004
2944.0,3039,13976.041029,2454043
5540.0,4981,14004.13983,2459024
3060.0,2934,14020.595182,2461958
948.0,1575,14029.373265,2463533
2720.0,2830,14045.013327,2466363
2160.0,2246,14057.57137,2468609
1588.0,2202,14070.200487,2470811
1380.0,1857,14080.630033,2472668
1380.0,1518,14089.107812,2474186
1236.0,1416,14097.071791,2475602
1796.0,2160,14109.273783,2477762
2160.0,2761,14124.885026,2480523
3420.0,2953,14141.526096,2483476
1900.0,2513,14155.783406,2485989
1332.0,1773,14165.827707,2487762
4412.0,3670,14186.708994,2491432
900.0,1161,14193.5521,2492593
2160.0,2323,14206.749116,2494916
1140.0,1387,14215.027253,2496303
2160.0,2722,14230.860686,2499025
1536.0,1952,14241.7574,2500977
2160.0,2490,14255.697034,2503467
3480.0,3185,14273.592018,2506652
1380.0,1736,14283.163624,2508388
1380.0,1595,14291.951154,2509983
1952.0,2335,14305.413652,2512318
1380.0,1783,14315.570161,2514101
3000.0,2857,14331.505725,2516958
1380.0,1913,14342.192877,2518871
2160.0,2323,14355.116425,2521194
4410.0,3677,14375.716865,2524871
1332.0,1925,14386.521212,2526796
2160.0,2614,14401.130248,2529410
1236.0,1381,14408.862086,2530791
2720.0,2899,14425.149036,2533690
2160.0,1984,14436.322088,2535674
4798.0,3644,14456.812888,2539318
2608.0,2898,14473.030349,2542216
4080.0,3369,14492.109382,2545585
1380.0,1646,14501.414987,2547231
5246.0,4484,14527.162383,2551715
1796.0,1968,14538.950417,2553683
2160.0,1978,14550.335666,2555661
3720.0,3530,14570.624362,2559191
4834.0,4028,14593.441532,2563219
1284.0,1938,14603.053864,2565157
1092.0,1441,14608.854161,2566598
1484.0,1967,14616.757434,2568565
1380.0,1854,14624.205652,2570419
4864.0,4109,14640.996017,2574528
2004.0,2164,14649.785813,2576692
1380.0,2181,14658.54665,2578873
1380.0,1931,14666.304832,2580804
4478.0,4629,14684.979197,2585433
1952.0,2049,14693.197924,2587482
4540.0,4390,14711.461941,2591872
996.0,1280,14716.605319,2593152
2108.0,2376,14726.147096,2595528
5692.0,4218,14743.203485,2599746
1380.0,1662,14749.904378,2601408
5100.0,3955,14765.996154,2605363
2328.0,2544,14776.273415,2607907
2160.0,2426,14786.07029,2610333
4140.0,3135,14798.827992,2613468
1848.0,1947,14806.575661,2615415
2160.0,2648,14817.542449,2618063
4290.0,3128,14831.233194,2621191
2108.0,2933,14843.211754,2624124
3900.0,3364,14856.823256,2627488
4992.0,4079,14874.441037,2631567
1380.0,1528,14880.527219,2633095
660.0,1030,14884.657218,2634125
4478.0,4328,14902.66836,2638453
1484.0,2147,14911.3589,2640600
2832.0,2507,14921.383646,2643107
1380.0,2145,14930.037199,2645252
5312.0,3868,14945.878529,2649120
1380.0,1852,14953.318732,2650972
996.0,1199,14958.224728,2652171
3000.0,3229,14971.549154,2655400
1332.0,1665,14978.326139,2657065
1284.0,1690,14985.230962,2658755
4170.0,3692,15000.393358,2662447
1188.0,1223,15005.506427,2663670
2160.0,2581,15016.167803,2666251
2160.0,2435,15026.136791,2668686
1284.0,1493,15032.1668,2670179
852.0,1501,15038.20542,2671680
2552.0,2997,15051.307664,2674677
756.0,1554,15057.693001,2676231
2056.0,1954,15065.657642,2678185
2440.0,2189,15074.598593,2680374
3000.0,2934,15086.549184,2683308
2004.0,2333,15096.069107,2685641
3000.0,2772,15107.330622,2688413
5340.0,4582,15126.170593,2692995
4704.0,4717,15145.488099,2697712
1380.0,1746,15152.542608,2699458
1380.0,1790,15159.917401,2701248
3060.0,3479,15174.285644,2704727
3660.0,3950,15190.792142,2708677
1284.0,1591,15197.87425,2710268
3900.0,3950,15213.887597,2714218
4734.0,3759,15230.183127,2717977
5278.0,3610,15245.273925,2721587
1380.0,1680,15252.099381,2723267
1188.0,1378,15257.65108,2724645
2056.0,2264,15266.969678,2726909
2160.0,2594,15277.460581,2729503
2160.0,2803,15289.419346,2732306
852.0,1399,15295.087506,2733705
1692.0,2452,15305.027315,2736157
3084.0,2841,15316.479743,2738998
1900.0,2251,15325.553734,2741249
1380.0,1962,15333.877986,2743211
2888.0,3140,15346.754009,2746351
2160.0,2702,15357.815734,2749053
3990.0,3677,15372.686639,2752730
1380.0,1982,15380.731433,2754712
1236.0,1679,15387.42783,2756391
3028.0,2960,15399.499159,2759351
1484.0,1901,15407.524674,2761252
